<?xml version="1.0" standalone="no"?>

<!DOCTYPE tree SYSTEM "treeml.dtd">
<tree>
 <declarations>
  <attributeDecl name="name" type="String"/>
  <attributeDecl name="length" type="Real"/>
 </declarations>
 <branch>
   <attribute name="name" value="?im57?"/>
  <branch>
    <attribute name="name" value="?im25?"/>
    <attribute name="length" value="0.00206"/>
   <branch>
     <attribute name="name" value="?im9?"/>
     <attribute name="length" value="0.00876"/>
    <branch>
      <attribute name="name" value="?im5?"/>
      <attribute name="length" value="0.00849"/>
     <branch>
       <attribute name="name" value="?im4?"/>
       <attribute name="length" value="0.00609"/>
      <branch>
        <attribute name="name" value="?im0?"/>
        <attribute name="length" value="0.06178"/>
       <leaf>
        <attribute name="name" value="CAC0985"/>
        <attribute name="length" value="0.21474"/></leaf>
       <leaf>
        <attribute name="name" value="Cj0773c"/>
        <attribute name="length" value="0.23939"/></leaf>
      </branch>
      <branch>
        <attribute name="name" value="?im3?"/>
        <attribute name="length" value="0.01962"/>
       <branch>
         <attribute name="name" value="?im2?"/>
         <attribute name="length" value="0.22214"/>
        <branch>
         <attribute name="name" value="?im1?"/>
         <attribute name="length" value="0.02224"/>
         <leaf>
         <attribute name="name" value="HP1577"/>
         <attribute name="length" value="0.00695"/></leaf>
         <leaf>
         <attribute name="name" value="jhp1485"/>
         <attribute name="length" value="0.0070"/></leaf>
        </branch>
        <leaf>
         <attribute name="name" value="abcD"/>
         <attribute name="length" value="0.05764"/></leaf>
       </branch>
       <leaf>
        <attribute name="name" value="FN0659"/>
        <attribute name="length" value="0.24506"/></leaf>
      </branch>
     </branch>
     <leaf>
      <attribute name="name" value="TP0119"/>
      <attribute name="length" value="0.29934"/></leaf>
    </branch>
    <branch>
      <attribute name="name" value="?im8?"/>
      <attribute name="length" value="0.00956"/>
     <leaf>
      <attribute name="name" value="YPO1319"/>
      <attribute name="length" value="0.24719"/></leaf>
     <branch>
       <attribute name="name" value="?im7?"/>
       <attribute name="length" value="0.37724"/>
      <branch>
        <attribute name="name" value="?im6?"/>
        <attribute name="length" value="0.0"/>
       <leaf>
        <attribute name="name" value="CPn0279"/>
        <attribute name="length" value="0.0"/></leaf>
       <leaf>
        <attribute name="name" value="CP0479"/>
        <attribute name="length" value="0.0"/></leaf>
      </branch>
      <leaf>
       <attribute name="name" value="CPj0279"/>
       <attribute name="length" value="0.0"/></leaf>
     </branch>
    </branch>
   </branch>
   <branch>
     <attribute name="name" value="?im24?"/>
     <attribute name="length" value="0.00994"/>
    <branch>
      <attribute name="name" value="?im23?"/>
      <attribute name="length" value="0.0203"/>
     <branch>
       <attribute name="name" value="?im15?"/>
       <attribute name="length" value="0.08717"/>
      <branch>
        <attribute name="name" value="?im10?"/>
        <attribute name="length" value="0.20755"/>
       <leaf>
        <attribute name="name" value="ydcC"/>
        <attribute name="length" value="0.00216"/></leaf>
       <leaf>
        <attribute name="name" value="ORF5"/>
        <attribute name="length" value="0.00216"/></leaf>
      </branch>
      <branch>
        <attribute name="name" value="?im14?"/>
        <attribute name="length" value="0.07837"/>
       <branch>
         <attribute name="name" value="?im12?"/>
         <attribute name="length" value="0.05556"/>
        <branch>
         <attribute name="name" value="?im11?"/>
         <attribute name="length" value="0.06616"/>
         <leaf>
         <attribute name="name" value="spyM18_0316"/>
         <attribute name="length" value="0.02253"/></leaf>
         <leaf>
         <attribute name="name" value="SPy0321"/>
         <attribute name="length" value="0.01838"/></leaf>
        </branch>
        <leaf>
         <attribute name="name" value="atmE"/>
         <attribute name="length" value="0.09618"/></leaf>
       </branch>
       <branch>
         <attribute name="name" value="?im13?"/>
         <attribute name="length" value="0.14947"/>
        <leaf>
         <attribute name="name" value="SP0152"/>
         <attribute name="length" value="0.00211"/></leaf>
        <leaf>
         <attribute name="name" value="spr0150"/>
         <attribute name="length" value="0.00224"/></leaf>
       </branch>
      </branch>
     </branch>
     <branch>
       <attribute name="name" value="?im22?"/>
       <attribute name="length" value="0.08455"/>
      <branch>
        <attribute name="name" value="?im17?"/>
        <attribute name="length" value="0.01793"/>
       <branch>
         <attribute name="name" value="?im16?"/>
         <attribute name="length" value="0.01148"/>
        <leaf>
         <attribute name="name" value="BA_0093"/>
         <attribute name="length" value="0.15008"/></leaf>
        <leaf>
         <attribute name="name" value="BH3480"/>
         <attribute name="length" value="0.16643"/></leaf>
       </branch>
       <leaf>
        <attribute name="name" value="yusB"/>
        <attribute name="length" value="0.16065"/></leaf>
      </branch>
      <branch>
        <attribute name="name" value="?im21?"/>
        <attribute name="length" value="0.00524"/>
       <branch>
         <attribute name="name" value="?im19?"/>
         <attribute name="length" value="0.19332"/>
        <branch>
         <attribute name="name" value="?im18?"/>
         <attribute name="length" value="0.00252"/>
         <leaf>
         <attribute name="name" value="SA0770"/>
         <attribute name="length" value="0.0"/></leaf>
         <leaf>
         <attribute name="name" value="SAV0838"/>
         <attribute name="length" value="0.0"/></leaf>
        </branch>
        <leaf>
         <attribute name="name" value="MW0791"/>
         <attribute name="length" value="0.00181"/></leaf>
       </branch>
       <branch>
         <attribute name="name" value="?im20?"/>
         <attribute name="length" value="0.18398"/>
        <leaf>
         <attribute name="name" value="lmo2418"/>
         <attribute name="length" value="0.00604"/></leaf>
        <leaf>
         <attribute name="name" value="lin2513"/>
         <attribute name="length" value="0.00735"/></leaf>
       </branch>
      </branch>
     </branch>
    </branch>
    <leaf>
     <attribute name="name" value="PM1729"/>
     <attribute name="length" value="0.27027"/></leaf>
   </branch>
  </branch>
  <branch>
    <attribute name="name" value="?im42?"/>
    <attribute name="length" value="0.00821"/>
   <branch>
     <attribute name="name" value="?im32?"/>
     <attribute name="length" value="0.01737"/>
    <branch>
      <attribute name="name" value="?im31?"/>
      <attribute name="length" value="0.02652"/>
     <branch>
       <attribute name="name" value="?im28?"/>
       <attribute name="length" value="0.02571"/>
      <branch>
        <attribute name="name" value="?im27?"/>
        <attribute name="length" value="0.19112"/>
       <branch>
         <attribute name="name" value="?im26?"/>
         <attribute name="length" value="0.00278"/>
        <leaf>
         <attribute name="name" value="SA0421"/>
         <attribute name="length" value="0.0"/></leaf>
        <leaf>
         <attribute name="name" value="SAV0463"/>
         <attribute name="length" value="0.0"/></leaf>
       </branch>
       <leaf>
        <attribute name="name" value="MW0417"/>
        <attribute name="length" value="0.00178"/></leaf>
      </branch>
      <leaf>
       <attribute name="name" value="aarA"/>
       <attribute name="length" value="0.19358"/></leaf>
     </branch>
     <branch>
       <attribute name="name" value="?im30?"/>
       <attribute name="length" value="0.09715"/>
      <branch>
        <attribute name="name" value="?im29?"/>
        <attribute name="length" value="0.15671"/>
       <leaf>
        <attribute name="name" value="lin0311"/>
        <attribute name="length" value="0.00252"/></leaf>
       <leaf>
        <attribute name="name" value="lmo0283"/>
        <attribute name="length" value="0.00657"/></leaf>
      </branch>
      <leaf>
       <attribute name="name" value="BA_0756"/>
       <attribute name="length" value="0.15466"/></leaf>
     </branch>
    </branch>
    <leaf>
     <attribute name="name" value="Cgl0635"/>
     <attribute name="length" value="0.31688"/></leaf>
   </branch>
   <branch>
     <attribute name="name" value="?im41?"/>
     <attribute name="length" value="0.00323"/>
    <branch>
      <attribute name="name" value="?im36?"/>
      <attribute name="length" value="0.06005"/>
     <branch>
       <attribute name="name" value="?im33?"/>
       <attribute name="length" value="0.06045"/>
      <leaf>
       <attribute name="name" value="PA5504"/>
       <attribute name="length" value="0.14115"/></leaf>
      <leaf>
       <attribute name="name" value="CC2668"/>
       <attribute name="length" value="0.14456"/></leaf>
     </branch>
     <branch>
       <attribute name="name" value="?im35?"/>
       <attribute name="length" value="0.10453"/>
      <branch>
        <attribute name="name" value="?im34?"/>
        <attribute name="length" value="0.09592"/>
       <leaf>
        <attribute name="name" value="yaeE_xc"/>
        <attribute name="length" value="0.02039"/></leaf>
       <leaf>
        <attribute name="name" value="yaeE_xa"/>
        <attribute name="length" value="0.0229"/></leaf>
      </branch>
      <leaf>
       <attribute name="name" value="XF0874"/>
       <attribute name="length" value="0.12866"/></leaf>
     </branch>
    </branch>
    <branch>
      <attribute name="name" value="?im40?"/>
      <attribute name="length" value="0.01867"/>
     <branch>
       <attribute name="name" value="?im38?"/>
       <attribute name="length" value="0.23347"/>
      <branch>
        <attribute name="name" value="?im37?"/>
        <attribute name="length" value="0.01095"/>
       <leaf>
        <attribute name="name" value="sfbC_st"/>
        <attribute name="length" value="0.0"/></leaf>
       <leaf>
        <attribute name="name" value="STY0560"/>
        <attribute name="length" value="0.0"/></leaf>
      </branch>
      <leaf>
       <attribute name="name" value="sfbC"/>
       <attribute name="length" value="-0.0060"/></leaf>
     </branch>
     <branch>
       <attribute name="name" value="?im39?"/>
       <attribute name="length" value="0.26868"/>
      <leaf>
       <attribute name="name" value="NMB1947"/>
       <attribute name="length" value="0.018"/></leaf>
      <leaf>
       <attribute name="name" value="NMA0505"/>
       <attribute name="length" value="0.01709"/></leaf>
     </branch>
    </branch>
   </branch>
  </branch>
  <branch>
    <attribute name="name" value="?im56?"/>
    <attribute name="length" value="0.0069"/>
   <branch>
     <attribute name="name" value="?im54?"/>
     <attribute name="length" value="0.00615"/>
    <branch>
      <attribute name="name" value="?im51?"/>
      <attribute name="length" value="0.00747"/>
     <branch>
       <attribute name="name" value="?im46?"/>
       <attribute name="length" value="0.01374"/>
      <branch>
        <attribute name="name" value="?im45?"/>
        <attribute name="length" value="0.01746"/>
       <branch>
         <attribute name="name" value="?im44?"/>
         <attribute name="length" value="0.09519"/>
        <branch>
         <attribute name="name" value="?im43?"/>
         <attribute name="length" value="0.1168"/>
         <leaf>
         <attribute name="name" value="AGR_L_763"/>
         <attribute name="length" value="0.0"/></leaf>
         <leaf>
         <attribute name="name" value="Atu4488"/>
         <attribute name="length" value="0.0"/></leaf>
        </branch>
        <leaf>
         <attribute name="name" value="SMc03158"/>
         <attribute name="length" value="0.11397"/></leaf>
       </branch>
       <leaf>
        <attribute name="name" value="RSc0921"/>
        <attribute name="length" value="0.19035"/></leaf>
      </branch>
      <leaf>
       <attribute name="name" value="VC0906"/>
       <attribute name="length" value="0.22318"/></leaf>
     </branch>
     <branch>
       <attribute name="name" value="?im50?"/>
       <attribute name="length" value="0.20311"/>
      <branch>
        <attribute name="name" value="?im49?"/>
        <attribute name="length" value="0.01054"/>
       <branch>
         <attribute name="name" value="?im47?"/>
         <attribute name="length" value="0.03499"/>
        <leaf>
         <attribute name="name" value="yaeE_ecK"/>
         <attribute name="length" value="0.00165"/></leaf>
        <leaf>
         <attribute name="name" value="yaeE_ec0"/>
         <attribute name="length" value="0.00296"/></leaf>
       </branch>
       <branch>
         <attribute name="name" value="?im48?"/>
         <attribute name="length" value="0.03261"/>
        <leaf>
         <attribute name="name" value="STY0273"/>
         <attribute name="length" value="-0.00155"/></leaf>
        <leaf>
         <attribute name="name" value="yaeE_st"/>
         <attribute name="length" value="0.00627"/></leaf>
       </branch>
      </branch>
      <leaf>
       <attribute name="name" value="YPO1072"/>
       <attribute name="length" value="0.04954"/></leaf>
     </branch>
    </branch>
    <branch>
      <attribute name="name" value="?im53?"/>
      <attribute name="length" value="0.0576"/>
     <branch>
       <attribute name="name" value="?im52?"/>
       <attribute name="length" value="0.07878"/>
      <leaf>
       <attribute name="name" value="BMEII0336"/>
       <attribute name="length" value="0.11008"/></leaf>
      <leaf>
       <attribute name="name" value="mll4791"/>
       <attribute name="length" value="0.10093"/></leaf>
     </branch>
     <leaf>
      <attribute name="name" value="PA2351"/>
      <attribute name="length" value="0.20281"/></leaf>
    </branch>
   </branch>
   <branch>
     <attribute name="name" value="?im55?"/>
     <attribute name="length" value="0.0207"/>
    <leaf>
     <attribute name="name" value="SCL11.14c"/>
     <attribute name="length" value="0.24472"/></leaf>
    <leaf>
     <attribute name="name" value="DR1357"/>
     <attribute name="length" value="0.20023"/></leaf>
   </branch>
  </branch>
 </branch>
</tree>
