<?xml version="1.0" standalone="no"?>

<!DOCTYPE graphml SYSTEM 'GraphML.dtd'>
<graphml>
 <graph edgedefault="directed">
  <key id="url" for="node">String</key>
  <key id="size" for="node">Integer</key>
  <key id="date" for="node">Long</key>
  <key id="title" for="node">String</key>
  <key id="ref" for="edge">Integer</key>
  <node id="n0">
   <data key="url">in-situ.html</data>
   <data key="size">7218</data>
   <data key="date">0</data>
   <data key="title">Projet - IN-SITU</data>
  </node>
  <edge id="e0" source="n0" target="n1">
   <data key="ref">1</data>
  </edge>
  <edge id="e1" source="n0" target="n2">
   <data key="ref">1</data>
  </edge>
  <edge id="e2" source="n0" target="n3">
   <data key="ref">1</data>
  </edge>
  <edge id="e3" source="n0" target="n4">
   <data key="ref">2</data>
  </edge>
  <edge id="e4" source="n0" target="n5">
   <data key="ref">1</data>
  </edge>
  <edge id="e5" source="n0" target="n6">
   <data key="ref">1</data>
  </edge>
  <edge id="e6" source="n0" target="n7">
   <data key="ref">2</data>
  </edge>
  <edge id="e7" source="n0" target="n8">
   <data key="ref">1</data>
  </edge>
  <edge id="e8" source="n0" target="n9">
   <data key="ref">2</data>
  </edge>
  <edge id="e9" source="n0" target="n10">
   <data key="ref">1</data>
  </edge>
  <edge id="e10" source="n0" target="n11">
   <data key="ref">1</data>
  </edge>
  <edge id="e11" source="n0" target="n12">
   <data key="ref">1</data>
  </edge>
  <edge id="e12" source="n0" target="n13">
   <data key="ref">1</data>
  </edge>
  <edge id="e13" source="n0" target="n14">
   <data key="ref">1</data>
  </edge>
  <edge id="e14" source="n0" target="n15">
   <data key="ref">1</data>
  </edge>
  <edge id="e15" source="n0" target="n16">
   <data key="ref">1</data>
  </edge>
  <edge id="e16" source="n0" target="n0">
   <data key="ref">1</data>
  </edge>
  <edge id="e17" source="n0" target="n17">
   <data key="ref">1</data>
  </edge>
  <edge id="e18" source="n0" target="n18">
   <data key="ref">1</data>
  </edge>
  <edge id="e19" source="n0" target="n19">
   <data key="ref">1</data>
  </edge>
  <edge id="e20" source="n0" target="n20">
   <data key="ref">1</data>
  </edge>
  <edge id="e21" source="n0" target="n21">
   <data key="ref">1</data>
  </edge>
  <edge id="e22" source="n0" target="n22">
   <data key="ref">1</data>
  </edge>
  <edge id="e23" source="n0" target="n23">
   <data key="ref">1</data>
  </edge>
  <edge id="e24" source="n0" target="n24">
   <data key="ref">1</data>
  </edge>
  <edge id="e25" source="n0" target="n25">
   <data key="ref">1</data>
  </edge>
  <edge id="e26" source="n0" target="n26">
   <data key="ref">1</data>
  </edge>
  <edge id="e27" source="n0" target="n27">
   <data key="ref">1</data>
  </edge>
  <edge id="e28" source="n0" target="n28">
   <data key="ref">1</data>
  </edge>
  <edge id="e29" source="n0" target="n29">
   <data key="ref">1</data>
  </edge>
  <edge id="e30" source="n0" target="n30">
   <data key="ref">1</data>
  </edge>
  <edge id="e31" source="n0" target="n31">
   <data key="ref">1</data>
  </edge>
  <edge id="e32" source="n0" target="n32">
   <data key="ref">1</data>
  </edge>
  <edge id="e33" source="n0" target="n33">
   <data key="ref">1</data>
  </edge>
  <edge id="e34" source="n0" target="n34">
   <data key="ref">1</data>
  </edge>
  <edge id="e35" source="n0" target="n35">
   <data key="ref">1</data>
  </edge>
  <edge id="e36" source="n0" target="n36">
   <data key="ref">1</data>
  </edge>
  <edge id="e37" source="n0" target="n37">
   <data key="ref">1</data>
  </edge>
  <edge id="e38" source="n0" target="n38">
   <data key="ref">1</data>
  </edge>
  <edge id="e39" source="n0" target="n39">
   <data key="ref">1</data>
  </edge>
  <edge id="e40" source="n0" target="n40">
   <data key="ref">1</data>
  </edge>
  <edge id="e41" source="n0" target="n41">
   <data key="ref">1</data>
  </edge>
  <edge id="e42" source="n0" target="n42">
   <data key="ref">1</data>
  </edge>
  <edge id="e43" source="n0" target="n43">
   <data key="ref">1</data>
  </edge>
  <edge id="e44" source="n0" target="n44">
   <data key="ref">1</data>
  </edge>
  <edge id="e45" source="n0" target="n45">
   <data key="ref">1</data>
  </edge>
  <edge id="e46" source="n0" target="n46">
   <data key="ref">1</data>
  </edge>
  <edge id="e47" source="n0" target="n47">
   <data key="ref">1</data>
  </edge>
  <edge id="e48" source="n0" target="n48">
   <data key="ref">1</data>
  </edge>
  <edge id="e49" source="n0" target="n49">
   <data key="ref">1</data>
  </edge>
  <edge id="e50" source="n0" target="n50">
   <data key="ref">1</data>
  </edge>
  <node id="n1">
   <data key="url">file://C:/Fekete/INRIA/RA02/raweb.css</data>
   <data key="size">1</data>
   <data key="date">0</data>
  </node>
  <node id="n2">
   <data key="url">file://C:/Fekete/INRIA/RA02/interro.js</data>
   <data key="size">1</data>
   <data key="date">0</data>
  </node>
  <node id="n3">
   <data key="url">file://C:/Fekete/INRIA/index.html</data>
   <data key="size">-1</data>
   <data key="date">0</data>
  </node>
  <node id="n4">
   <data key="url">http://www.inria.fr/recherche/equipes/in-situ.fr.html</data>
   <data key="size">0</data>
  </node>
  <node id="n5">
   <data key="url">file://C:/Fekete/INRIA/icons/previous_motif_gr.png</data>
   <data key="size">-1</data>
   <data key="date">0</data>
  </node>
  <node id="n6">
   <data key="url">file://C:/Fekete/INRIA/icons/up_motif_gr.png</data>
   <data key="size">-1</data>
   <data key="date">0</data>
  </node>
  <node id="n7">
   <data key="url">composition.html</data>
   <data key="size">4711</data>
   <data key="date">0</data>
   <data key="title">Projet - IN-SITU</data>
  </node>
  <edge id="e51" source="n7" target="n1">
   <data key="ref">1</data>
  </edge>
  <edge id="e52" source="n7" target="n2">
   <data key="ref">1</data>
  </edge>
  <edge id="e53" source="n7" target="n3">
   <data key="ref">1</data>
  </edge>
  <edge id="e54" source="n7" target="n4">
   <data key="ref">1</data>
  </edge>
  <edge id="e55" source="n7" target="n0">
   <data key="ref">2</data>
  </edge>
  <edge id="e56" source="n7" target="n51">
   <data key="ref">1</data>
  </edge>
  <edge id="e57" source="n7" target="n52">
   <data key="ref">1</data>
  </edge>
  <edge id="e58" source="n7" target="n21">
   <data key="ref">1</data>
  </edge>
  <edge id="e59" source="n7" target="n8">
   <data key="ref">1</data>
  </edge>
  <edge id="e60" source="n7" target="n9">
   <data key="ref">1</data>
  </edge>
  <edge id="e61" source="n7" target="n10">
   <data key="ref">1</data>
  </edge>
  <edge id="e62" source="n7" target="n11">
   <data key="ref">1</data>
  </edge>
  <edge id="e63" source="n7" target="n12">
   <data key="ref">1</data>
  </edge>
  <edge id="e64" source="n7" target="n13">
   <data key="ref">1</data>
  </edge>
  <edge id="e65" source="n7" target="n14">
   <data key="ref">1</data>
  </edge>
  <edge id="e66" source="n7" target="n15">
   <data key="ref">1</data>
  </edge>
  <edge id="e67" source="n7" target="n16">
   <data key="ref">1</data>
  </edge>
  <edge id="e68" source="n7" target="n7">
   <data key="ref">1</data>
  </edge>
  <edge id="e69" source="n7" target="n17">
   <data key="ref">1</data>
  </edge>
  <node id="n8">
   <data key="url">file://C:/Fekete/INRIA/icons/next_motif.png</data>
   <data key="size">-1</data>
   <data key="date">0</data>
  </node>
  <node id="n9">
   <data key="url">http://www.inria.fr/rapportsactivite/RA2002/in-situ/in-situ.pdf</data>
   <data key="size">0</data>
  </node>
  <node id="n10">
   <data key="url">file://C:/Fekete/INRIA/icons/pdf_motif.png</data>
   <data key="size">-1</data>
   <data key="date">0</data>
  </node>
  <node id="n11">
   <data key="url">in-situ_tf.html</data>
   <data key="size">7375</data>
   <data key="date">0</data>
   <data key="title">Projet - IN-SITU</data>
  </node>
  <edge id="e70" source="n11" target="n1">
   <data key="ref">1</data>
  </edge>
  <edge id="e71" source="n11" target="n2">
   <data key="ref">1</data>
  </edge>
  <edge id="e72" source="n11" target="n53">
   <data key="ref">1</data>
  </edge>
  <edge id="e73" source="n11" target="n0">
   <data key="ref">1</data>
  </edge>
  <node id="n12">
   <data key="url">file://C:/Fekete/INRIA/icons/tdm_motif.png</data>
   <data key="size">-1</data>
   <data key="date">0</data>
  </node>
  <node id="n13">
   <data key="url">file://C:/Fekete/INRIA/RA02/aide.html</data>
   <data key="size">-1</data>
   <data key="date">0</data>
  </node>
  <node id="n14">
   <data key="url">file://C:/Fekete/INRIA/RA02/index/index.html</data>
   <data key="size">-1</data>
   <data key="date">0</data>
  </node>
  <node id="n15">
   <data key="url">http://indexation.inria.fr:8080/cgi-bin/query/</data>
   <data key="size">0</data>
  </node>
  <node id="n16">
   <data key="url">file://C:/Fekete/INRIA/RA02/classeur/classeur.js</data>
   <data key="size">-1</data>
   <data key="date">0</data>
  </node>
  <node id="n17">
   <data key="url">file://C:/Fekete/INRIA/RA02/classeur/classeur.html</data>
   <data key="size">-1</data>
   <data key="date">0</data>
  </node>
  <node id="n18">
   <data key="url">http://www.inria.fr/inria/organigramme/fiche_ur-futurs.fr.html</data>
   <data key="size">0</data>
  </node>
  <node id="n19">
   <data key="url">http://www.inria.fr/recherche/equipes/projets_theme3.fr.html</data>
   <data key="size">0</data>
  </node>
  <node id="n20">
   <data key="url">http://www.inria.fr/rapportsactivite/RA2002/in-situ/in-situ.ps.gz</data>
   <data key="size">0</data>
  </node>
  <node id="n21">
   <data key="url">presentation.html</data>
   <data key="size">6189</data>
   <data key="date">0</data>
   <data key="title">Projet - IN-SITU</data>
  </node>
  <edge id="e74" source="n21" target="n1">
   <data key="ref">1</data>
  </edge>
  <edge id="e75" source="n21" target="n2">
   <data key="ref">1</data>
  </edge>
  <edge id="e76" source="n21" target="n3">
   <data key="ref">1</data>
  </edge>
  <edge id="e77" source="n21" target="n4">
   <data key="ref">1</data>
  </edge>
  <edge id="e78" source="n21" target="n7">
   <data key="ref">1</data>
  </edge>
  <edge id="e79" source="n21" target="n51">
   <data key="ref">1</data>
  </edge>
  <edge id="e80" source="n21" target="n0">
   <data key="ref">1</data>
  </edge>
  <edge id="e81" source="n21" target="n52">
   <data key="ref">1</data>
  </edge>
  <edge id="e82" source="n21" target="n22">
   <data key="ref">1</data>
  </edge>
  <edge id="e83" source="n21" target="n8">
   <data key="ref">1</data>
  </edge>
  <edge id="e84" source="n21" target="n9">
   <data key="ref">1</data>
  </edge>
  <edge id="e85" source="n21" target="n10">
   <data key="ref">1</data>
  </edge>
  <edge id="e86" source="n21" target="n11">
   <data key="ref">1</data>
  </edge>
  <edge id="e87" source="n21" target="n12">
   <data key="ref">1</data>
  </edge>
  <edge id="e88" source="n21" target="n13">
   <data key="ref">1</data>
  </edge>
  <edge id="e89" source="n21" target="n14">
   <data key="ref">1</data>
  </edge>
  <edge id="e90" source="n21" target="n15">
   <data key="ref">1</data>
  </edge>
  <edge id="e91" source="n21" target="n16">
   <data key="ref">1</data>
  </edge>
  <edge id="e92" source="n21" target="n21">
   <data key="ref">1</data>
  </edge>
  <edge id="e93" source="n21" target="n17">
   <data key="ref">1</data>
  </edge>
  <edge id="e94" source="n21" target="n50">
   <data key="ref">2</data>
  </edge>
  <node id="n22">
   <data key="url">enjeux.html</data>
   <data key="size">6714</data>
   <data key="date">0</data>
   <data key="title">Projet - IN-SITU</data>
  </node>
  <edge id="e95" source="n22" target="n1">
   <data key="ref">1</data>
  </edge>
  <edge id="e96" source="n22" target="n2">
   <data key="ref">1</data>
  </edge>
  <edge id="e97" source="n22" target="n3">
   <data key="ref">1</data>
  </edge>
  <edge id="e98" source="n22" target="n4">
   <data key="ref">1</data>
  </edge>
  <edge id="e99" source="n22" target="n21">
   <data key="ref">1</data>
  </edge>
  <edge id="e100" source="n22" target="n51">
   <data key="ref">1</data>
  </edge>
  <edge id="e101" source="n22" target="n0">
   <data key="ref">1</data>
  </edge>
  <edge id="e102" source="n22" target="n52">
   <data key="ref">1</data>
  </edge>
  <edge id="e103" source="n22" target="n23">
   <data key="ref">1</data>
  </edge>
  <edge id="e104" source="n22" target="n8">
   <data key="ref">1</data>
  </edge>
  <edge id="e105" source="n22" target="n9">
   <data key="ref">1</data>
  </edge>
  <edge id="e106" source="n22" target="n10">
   <data key="ref">1</data>
  </edge>
  <edge id="e107" source="n22" target="n11">
   <data key="ref">1</data>
  </edge>
  <edge id="e108" source="n22" target="n12">
   <data key="ref">1</data>
  </edge>
  <edge id="e109" source="n22" target="n13">
   <data key="ref">1</data>
  </edge>
  <edge id="e110" source="n22" target="n14">
   <data key="ref">1</data>
  </edge>
  <edge id="e111" source="n22" target="n15">
   <data key="ref">1</data>
  </edge>
  <edge id="e112" source="n22" target="n16">
   <data key="ref">1</data>
  </edge>
  <edge id="e113" source="n22" target="n22">
   <data key="ref">1</data>
  </edge>
  <edge id="e114" source="n22" target="n17">
   <data key="ref">1</data>
  </edge>
  <edge id="e115" source="n22" target="n50">
   <data key="ref">1</data>
  </edge>
  <node id="n23">
   <data key="url">objectifs.html</data>
   <data key="size">9838</data>
   <data key="date">0</data>
   <data key="title">Projet - IN-SITU</data>
  </node>
  <edge id="e116" source="n23" target="n1">
   <data key="ref">1</data>
  </edge>
  <edge id="e117" source="n23" target="n2">
   <data key="ref">1</data>
  </edge>
  <edge id="e118" source="n23" target="n3">
   <data key="ref">1</data>
  </edge>
  <edge id="e119" source="n23" target="n4">
   <data key="ref">1</data>
  </edge>
  <edge id="e120" source="n23" target="n22">
   <data key="ref">1</data>
  </edge>
  <edge id="e121" source="n23" target="n51">
   <data key="ref">1</data>
  </edge>
  <edge id="e122" source="n23" target="n0">
   <data key="ref">1</data>
  </edge>
  <edge id="e123" source="n23" target="n52">
   <data key="ref">1</data>
  </edge>
  <edge id="e124" source="n23" target="n24">
   <data key="ref">1</data>
  </edge>
  <edge id="e125" source="n23" target="n8">
   <data key="ref">1</data>
  </edge>
  <edge id="e126" source="n23" target="n9">
   <data key="ref">1</data>
  </edge>
  <edge id="e127" source="n23" target="n10">
   <data key="ref">1</data>
  </edge>
  <edge id="e128" source="n23" target="n11">
   <data key="ref">1</data>
  </edge>
  <edge id="e129" source="n23" target="n12">
   <data key="ref">1</data>
  </edge>
  <edge id="e130" source="n23" target="n13">
   <data key="ref">1</data>
  </edge>
  <edge id="e131" source="n23" target="n14">
   <data key="ref">1</data>
  </edge>
  <edge id="e132" source="n23" target="n15">
   <data key="ref">1</data>
  </edge>
  <edge id="e133" source="n23" target="n16">
   <data key="ref">1</data>
  </edge>
  <edge id="e134" source="n23" target="n23">
   <data key="ref">1</data>
  </edge>
  <edge id="e135" source="n23" target="n17">
   <data key="ref">1</data>
  </edge>
  <edge id="e136" source="n23" target="n50">
   <data key="ref">9</data>
  </edge>
  <node id="n24">
   <data key="url">themes.html</data>
   <data key="size">15292</data>
   <data key="date">0</data>
   <data key="title">Projet - IN-SITU</data>
  </node>
  <edge id="e137" source="n24" target="n1">
   <data key="ref">1</data>
  </edge>
  <edge id="e138" source="n24" target="n2">
   <data key="ref">1</data>
  </edge>
  <edge id="e139" source="n24" target="n3">
   <data key="ref">1</data>
  </edge>
  <edge id="e140" source="n24" target="n4">
   <data key="ref">1</data>
  </edge>
  <edge id="e141" source="n24" target="n23">
   <data key="ref">1</data>
  </edge>
  <edge id="e142" source="n24" target="n51">
   <data key="ref">1</data>
  </edge>
  <edge id="e143" source="n24" target="n0">
   <data key="ref">1</data>
  </edge>
  <edge id="e144" source="n24" target="n52">
   <data key="ref">1</data>
  </edge>
  <edge id="e145" source="n24" target="n25">
   <data key="ref">1</data>
  </edge>
  <edge id="e146" source="n24" target="n8">
   <data key="ref">1</data>
  </edge>
  <edge id="e147" source="n24" target="n9">
   <data key="ref">1</data>
  </edge>
  <edge id="e148" source="n24" target="n10">
   <data key="ref">1</data>
  </edge>
  <edge id="e149" source="n24" target="n11">
   <data key="ref">1</data>
  </edge>
  <edge id="e150" source="n24" target="n12">
   <data key="ref">1</data>
  </edge>
  <edge id="e151" source="n24" target="n13">
   <data key="ref">1</data>
  </edge>
  <edge id="e152" source="n24" target="n14">
   <data key="ref">1</data>
  </edge>
  <edge id="e153" source="n24" target="n15">
   <data key="ref">1</data>
  </edge>
  <edge id="e154" source="n24" target="n16">
   <data key="ref">1</data>
  </edge>
  <edge id="e155" source="n24" target="n24">
   <data key="ref">1</data>
  </edge>
  <edge id="e156" source="n24" target="n17">
   <data key="ref">1</data>
  </edge>
  <edge id="e157" source="n24" target="n50">
   <data key="ref">20</data>
  </edge>
  <node id="n25">
   <data key="url">fondements.html</data>
   <data key="size">13229</data>
   <data key="date">0</data>
   <data key="title">Projet - IN-SITU</data>
  </node>
  <edge id="e158" source="n25" target="n1">
   <data key="ref">1</data>
  </edge>
  <edge id="e159" source="n25" target="n2">
   <data key="ref">1</data>
  </edge>
  <edge id="e160" source="n25" target="n3">
   <data key="ref">1</data>
  </edge>
  <edge id="e161" source="n25" target="n4">
   <data key="ref">1</data>
  </edge>
  <edge id="e162" source="n25" target="n24">
   <data key="ref">1</data>
  </edge>
  <edge id="e163" source="n25" target="n51">
   <data key="ref">1</data>
  </edge>
  <edge id="e164" source="n25" target="n0">
   <data key="ref">1</data>
  </edge>
  <edge id="e165" source="n25" target="n52">
   <data key="ref">1</data>
  </edge>
  <edge id="e166" source="n25" target="n26">
   <data key="ref">1</data>
  </edge>
  <edge id="e167" source="n25" target="n8">
   <data key="ref">1</data>
  </edge>
  <edge id="e168" source="n25" target="n9">
   <data key="ref">1</data>
  </edge>
  <edge id="e169" source="n25" target="n10">
   <data key="ref">1</data>
  </edge>
  <edge id="e170" source="n25" target="n11">
   <data key="ref">1</data>
  </edge>
  <edge id="e171" source="n25" target="n12">
   <data key="ref">1</data>
  </edge>
  <edge id="e172" source="n25" target="n13">
   <data key="ref">1</data>
  </edge>
  <edge id="e173" source="n25" target="n14">
   <data key="ref">1</data>
  </edge>
  <edge id="e174" source="n25" target="n15">
   <data key="ref">1</data>
  </edge>
  <edge id="e175" source="n25" target="n16">
   <data key="ref">1</data>
  </edge>
  <edge id="e176" source="n25" target="n25">
   <data key="ref">1</data>
  </edge>
  <edge id="e177" source="n25" target="n17">
   <data key="ref">1</data>
  </edge>
  <edge id="e178" source="n25" target="n50">
   <data key="ref">5</data>
  </edge>
  <node id="n26">
   <data key="url">domaine.html</data>
   <data key="size">6419</data>
   <data key="date">0</data>
   <data key="title">Projet - IN-SITU</data>
  </node>
  <edge id="e179" source="n26" target="n1">
   <data key="ref">1</data>
  </edge>
  <edge id="e180" source="n26" target="n2">
   <data key="ref">1</data>
  </edge>
  <edge id="e181" source="n26" target="n3">
   <data key="ref">1</data>
  </edge>
  <edge id="e182" source="n26" target="n4">
   <data key="ref">1</data>
  </edge>
  <edge id="e183" source="n26" target="n25">
   <data key="ref">1</data>
  </edge>
  <edge id="e184" source="n26" target="n51">
   <data key="ref">1</data>
  </edge>
  <edge id="e185" source="n26" target="n0">
   <data key="ref">1</data>
  </edge>
  <edge id="e186" source="n26" target="n52">
   <data key="ref">1</data>
  </edge>
  <edge id="e187" source="n26" target="n27">
   <data key="ref">1</data>
  </edge>
  <edge id="e188" source="n26" target="n8">
   <data key="ref">1</data>
  </edge>
  <edge id="e189" source="n26" target="n9">
   <data key="ref">1</data>
  </edge>
  <edge id="e190" source="n26" target="n10">
   <data key="ref">1</data>
  </edge>
  <edge id="e191" source="n26" target="n11">
   <data key="ref">1</data>
  </edge>
  <edge id="e192" source="n26" target="n12">
   <data key="ref">1</data>
  </edge>
  <edge id="e193" source="n26" target="n13">
   <data key="ref">1</data>
  </edge>
  <edge id="e194" source="n26" target="n14">
   <data key="ref">1</data>
  </edge>
  <edge id="e195" source="n26" target="n15">
   <data key="ref">1</data>
  </edge>
  <edge id="e196" source="n26" target="n16">
   <data key="ref">1</data>
  </edge>
  <edge id="e197" source="n26" target="n26">
   <data key="ref">1</data>
  </edge>
  <edge id="e198" source="n26" target="n17">
   <data key="ref">1</data>
  </edge>
  <edge id="e199" source="n26" target="n50">
   <data key="ref">5</data>
  </edge>
  <node id="n27">
   <data key="url">svgl.html</data>
   <data key="size">5211</data>
   <data key="date">0</data>
   <data key="title">Projet - IN-SITU</data>
  </node>
  <edge id="e200" source="n27" target="n1">
   <data key="ref">1</data>
  </edge>
  <edge id="e201" source="n27" target="n2">
   <data key="ref">1</data>
  </edge>
  <edge id="e202" source="n27" target="n3">
   <data key="ref">1</data>
  </edge>
  <edge id="e203" source="n27" target="n4">
   <data key="ref">1</data>
  </edge>
  <edge id="e204" source="n27" target="n26">
   <data key="ref">1</data>
  </edge>
  <edge id="e205" source="n27" target="n51">
   <data key="ref">1</data>
  </edge>
  <edge id="e206" source="n27" target="n0">
   <data key="ref">1</data>
  </edge>
  <edge id="e207" source="n27" target="n52">
   <data key="ref">1</data>
  </edge>
  <edge id="e208" source="n27" target="n28">
   <data key="ref">1</data>
  </edge>
  <edge id="e209" source="n27" target="n8">
   <data key="ref">1</data>
  </edge>
  <edge id="e210" source="n27" target="n9">
   <data key="ref">1</data>
  </edge>
  <edge id="e211" source="n27" target="n10">
   <data key="ref">1</data>
  </edge>
  <edge id="e212" source="n27" target="n11">
   <data key="ref">1</data>
  </edge>
  <edge id="e213" source="n27" target="n12">
   <data key="ref">1</data>
  </edge>
  <edge id="e214" source="n27" target="n13">
   <data key="ref">1</data>
  </edge>
  <edge id="e215" source="n27" target="n14">
   <data key="ref">1</data>
  </edge>
  <edge id="e216" source="n27" target="n15">
   <data key="ref">1</data>
  </edge>
  <edge id="e217" source="n27" target="n16">
   <data key="ref">1</data>
  </edge>
  <edge id="e218" source="n27" target="n27">
   <data key="ref">1</data>
  </edge>
  <edge id="e219" source="n27" target="n17">
   <data key="ref">1</data>
  </edge>
  <edge id="e220" source="n27" target="n50">
   <data key="ref">1</data>
  </edge>
  <edge id="e221" source="n27" target="n54">
   <data key="ref">1</data>
  </edge>
  <node id="n28">
   <data key="url">videoSpace.html</data>
   <data key="size">4920</data>
   <data key="date">0</data>
   <data key="title">Projet - IN-SITU</data>
  </node>
  <edge id="e222" source="n28" target="n1">
   <data key="ref">1</data>
  </edge>
  <edge id="e223" source="n28" target="n2">
   <data key="ref">1</data>
  </edge>
  <edge id="e224" source="n28" target="n3">
   <data key="ref">1</data>
  </edge>
  <edge id="e225" source="n28" target="n4">
   <data key="ref">1</data>
  </edge>
  <edge id="e226" source="n28" target="n27">
   <data key="ref">1</data>
  </edge>
  <edge id="e227" source="n28" target="n51">
   <data key="ref">1</data>
  </edge>
  <edge id="e228" source="n28" target="n0">
   <data key="ref">1</data>
  </edge>
  <edge id="e229" source="n28" target="n52">
   <data key="ref">1</data>
  </edge>
  <edge id="e230" source="n28" target="n29">
   <data key="ref">1</data>
  </edge>
  <edge id="e231" source="n28" target="n8">
   <data key="ref">1</data>
  </edge>
  <edge id="e232" source="n28" target="n9">
   <data key="ref">1</data>
  </edge>
  <edge id="e233" source="n28" target="n10">
   <data key="ref">1</data>
  </edge>
  <edge id="e234" source="n28" target="n11">
   <data key="ref">1</data>
  </edge>
  <edge id="e235" source="n28" target="n12">
   <data key="ref">1</data>
  </edge>
  <edge id="e236" source="n28" target="n13">
   <data key="ref">1</data>
  </edge>
  <edge id="e237" source="n28" target="n14">
   <data key="ref">1</data>
  </edge>
  <edge id="e238" source="n28" target="n15">
   <data key="ref">1</data>
  </edge>
  <edge id="e239" source="n28" target="n16">
   <data key="ref">1</data>
  </edge>
  <edge id="e240" source="n28" target="n28">
   <data key="ref">1</data>
  </edge>
  <edge id="e241" source="n28" target="n17">
   <data key="ref">1</data>
  </edge>
  <edge id="e242" source="n28" target="n50">
   <data key="ref">1</data>
  </edge>
  <edge id="e243" source="n28" target="n55">
   <data key="ref">1</data>
  </edge>
  <node id="n29">
   <data key="url">videoWorkspace.html</data>
   <data key="size">4490</data>
   <data key="date">0</data>
   <data key="title">Projet - IN-SITU</data>
  </node>
  <edge id="e244" source="n29" target="n1">
   <data key="ref">1</data>
  </edge>
  <edge id="e245" source="n29" target="n2">
   <data key="ref">1</data>
  </edge>
  <edge id="e246" source="n29" target="n3">
   <data key="ref">1</data>
  </edge>
  <edge id="e247" source="n29" target="n4">
   <data key="ref">1</data>
  </edge>
  <edge id="e248" source="n29" target="n28">
   <data key="ref">1</data>
  </edge>
  <edge id="e249" source="n29" target="n51">
   <data key="ref">1</data>
  </edge>
  <edge id="e250" source="n29" target="n0">
   <data key="ref">1</data>
  </edge>
  <edge id="e251" source="n29" target="n52">
   <data key="ref">1</data>
  </edge>
  <edge id="e252" source="n29" target="n30">
   <data key="ref">1</data>
  </edge>
  <edge id="e253" source="n29" target="n8">
   <data key="ref">1</data>
  </edge>
  <edge id="e254" source="n29" target="n9">
   <data key="ref">1</data>
  </edge>
  <edge id="e255" source="n29" target="n10">
   <data key="ref">1</data>
  </edge>
  <edge id="e256" source="n29" target="n11">
   <data key="ref">1</data>
  </edge>
  <edge id="e257" source="n29" target="n12">
   <data key="ref">1</data>
  </edge>
  <edge id="e258" source="n29" target="n13">
   <data key="ref">1</data>
  </edge>
  <edge id="e259" source="n29" target="n14">
   <data key="ref">1</data>
  </edge>
  <edge id="e260" source="n29" target="n15">
   <data key="ref">1</data>
  </edge>
  <edge id="e261" source="n29" target="n16">
   <data key="ref">1</data>
  </edge>
  <edge id="e262" source="n29" target="n29">
   <data key="ref">1</data>
  </edge>
  <edge id="e263" source="n29" target="n17">
   <data key="ref">1</data>
  </edge>
  <edge id="e264" source="n29" target="n50">
   <data key="ref">1</data>
  </edge>
  <edge id="e265" source="n29" target="n56">
   <data key="ref">1</data>
  </edge>
  <node id="n30">
   <data key="url">videoProbe.html</data>
   <data key="size">5192</data>
   <data key="date">0</data>
   <data key="title">Projet - IN-SITU</data>
  </node>
  <edge id="e266" source="n30" target="n1">
   <data key="ref">1</data>
  </edge>
  <edge id="e267" source="n30" target="n2">
   <data key="ref">1</data>
  </edge>
  <edge id="e268" source="n30" target="n3">
   <data key="ref">1</data>
  </edge>
  <edge id="e269" source="n30" target="n4">
   <data key="ref">1</data>
  </edge>
  <edge id="e270" source="n30" target="n29">
   <data key="ref">1</data>
  </edge>
  <edge id="e271" source="n30" target="n51">
   <data key="ref">1</data>
  </edge>
  <edge id="e272" source="n30" target="n0">
   <data key="ref">1</data>
  </edge>
  <edge id="e273" source="n30" target="n52">
   <data key="ref">1</data>
  </edge>
  <edge id="e274" source="n30" target="n31">
   <data key="ref">1</data>
  </edge>
  <edge id="e275" source="n30" target="n8">
   <data key="ref">1</data>
  </edge>
  <edge id="e276" source="n30" target="n9">
   <data key="ref">1</data>
  </edge>
  <edge id="e277" source="n30" target="n10">
   <data key="ref">1</data>
  </edge>
  <edge id="e278" source="n30" target="n11">
   <data key="ref">1</data>
  </edge>
  <edge id="e279" source="n30" target="n12">
   <data key="ref">1</data>
  </edge>
  <edge id="e280" source="n30" target="n13">
   <data key="ref">1</data>
  </edge>
  <edge id="e281" source="n30" target="n14">
   <data key="ref">1</data>
  </edge>
  <edge id="e282" source="n30" target="n15">
   <data key="ref">1</data>
  </edge>
  <edge id="e283" source="n30" target="n16">
   <data key="ref">1</data>
  </edge>
  <edge id="e284" source="n30" target="n30">
   <data key="ref">1</data>
  </edge>
  <edge id="e285" source="n30" target="n17">
   <data key="ref">1</data>
  </edge>
  <edge id="e286" source="n30" target="n50">
   <data key="ref">1</data>
  </edge>
  <edge id="e287" source="n30" target="n57">
   <data key="ref">1</data>
  </edge>
  <node id="n31">
   <data key="url">MillionVis.html</data>
   <data key="size">4764</data>
   <data key="date">0</data>
   <data key="title">Projet - IN-SITU</data>
  </node>
  <edge id="e288" source="n31" target="n1">
   <data key="ref">1</data>
  </edge>
  <edge id="e289" source="n31" target="n2">
   <data key="ref">1</data>
  </edge>
  <edge id="e290" source="n31" target="n3">
   <data key="ref">1</data>
  </edge>
  <edge id="e291" source="n31" target="n4">
   <data key="ref">1</data>
  </edge>
  <edge id="e292" source="n31" target="n30">
   <data key="ref">1</data>
  </edge>
  <edge id="e293" source="n31" target="n51">
   <data key="ref">1</data>
  </edge>
  <edge id="e294" source="n31" target="n0">
   <data key="ref">1</data>
  </edge>
  <edge id="e295" source="n31" target="n52">
   <data key="ref">1</data>
  </edge>
  <edge id="e296" source="n31" target="n32">
   <data key="ref">1</data>
  </edge>
  <edge id="e297" source="n31" target="n8">
   <data key="ref">1</data>
  </edge>
  <edge id="e298" source="n31" target="n9">
   <data key="ref">1</data>
  </edge>
  <edge id="e299" source="n31" target="n10">
   <data key="ref">1</data>
  </edge>
  <edge id="e300" source="n31" target="n11">
   <data key="ref">1</data>
  </edge>
  <edge id="e301" source="n31" target="n12">
   <data key="ref">1</data>
  </edge>
  <edge id="e302" source="n31" target="n13">
   <data key="ref">1</data>
  </edge>
  <edge id="e303" source="n31" target="n14">
   <data key="ref">1</data>
  </edge>
  <edge id="e304" source="n31" target="n15">
   <data key="ref">1</data>
  </edge>
  <edge id="e305" source="n31" target="n16">
   <data key="ref">1</data>
  </edge>
  <edge id="e306" source="n31" target="n31">
   <data key="ref">1</data>
  </edge>
  <edge id="e307" source="n31" target="n17">
   <data key="ref">1</data>
  </edge>
  <edge id="e308" source="n31" target="n50">
   <data key="ref">1</data>
  </edge>
  <edge id="e309" source="n31" target="n58">
   <data key="ref">1</data>
  </edge>
  <node id="n32">
   <data key="url">domestique.html</data>
   <data key="size">14015</data>
   <data key="date">0</data>
   <data key="title">Projet - IN-SITU</data>
  </node>
  <edge id="e310" source="n32" target="n1">
   <data key="ref">1</data>
  </edge>
  <edge id="e311" source="n32" target="n2">
   <data key="ref">1</data>
  </edge>
  <edge id="e312" source="n32" target="n3">
   <data key="ref">1</data>
  </edge>
  <edge id="e313" source="n32" target="n4">
   <data key="ref">1</data>
  </edge>
  <edge id="e314" source="n32" target="n31">
   <data key="ref">1</data>
  </edge>
  <edge id="e315" source="n32" target="n51">
   <data key="ref">1</data>
  </edge>
  <edge id="e316" source="n32" target="n0">
   <data key="ref">1</data>
  </edge>
  <edge id="e317" source="n32" target="n52">
   <data key="ref">1</data>
  </edge>
  <edge id="e318" source="n32" target="n33">
   <data key="ref">1</data>
  </edge>
  <edge id="e319" source="n32" target="n8">
   <data key="ref">1</data>
  </edge>
  <edge id="e320" source="n32" target="n9">
   <data key="ref">1</data>
  </edge>
  <edge id="e321" source="n32" target="n10">
   <data key="ref">1</data>
  </edge>
  <edge id="e322" source="n32" target="n11">
   <data key="ref">1</data>
  </edge>
  <edge id="e323" source="n32" target="n12">
   <data key="ref">1</data>
  </edge>
  <edge id="e324" source="n32" target="n13">
   <data key="ref">1</data>
  </edge>
  <edge id="e325" source="n32" target="n14">
   <data key="ref">1</data>
  </edge>
  <edge id="e326" source="n32" target="n15">
   <data key="ref">1</data>
  </edge>
  <edge id="e327" source="n32" target="n16">
   <data key="ref">1</data>
  </edge>
  <edge id="e328" source="n32" target="n32">
   <data key="ref">1</data>
  </edge>
  <edge id="e329" source="n32" target="n17">
   <data key="ref">1</data>
  </edge>
  <edge id="e330" source="n32" target="n50">
   <data key="ref">1</data>
  </edge>
  <edge id="e331" source="n32" target="n59">
   <data key="ref">1</data>
  </edge>
  <edge id="e332" source="n32" target="n60">
   <data key="ref">1</data>
  </edge>
  <edge id="e333" source="n32" target="n61">
   <data key="ref">1</data>
  </edge>
  <edge id="e334" source="n32" target="n62">
   <data key="ref">1</data>
  </edge>
  <node id="n33">
   <data key="url">archi.html</data>
   <data key="size">16307</data>
   <data key="date">0</data>
   <data key="title">Projet - IN-SITU</data>
  </node>
  <edge id="e335" source="n33" target="n1">
   <data key="ref">1</data>
  </edge>
  <edge id="e336" source="n33" target="n2">
   <data key="ref">1</data>
  </edge>
  <edge id="e337" source="n33" target="n3">
   <data key="ref">1</data>
  </edge>
  <edge id="e338" source="n33" target="n4">
   <data key="ref">1</data>
  </edge>
  <edge id="e339" source="n33" target="n32">
   <data key="ref">1</data>
  </edge>
  <edge id="e340" source="n33" target="n51">
   <data key="ref">1</data>
  </edge>
  <edge id="e341" source="n33" target="n0">
   <data key="ref">1</data>
  </edge>
  <edge id="e342" source="n33" target="n52">
   <data key="ref">1</data>
  </edge>
  <edge id="e343" source="n33" target="n34">
   <data key="ref">1</data>
  </edge>
  <edge id="e344" source="n33" target="n8">
   <data key="ref">1</data>
  </edge>
  <edge id="e345" source="n33" target="n9">
   <data key="ref">1</data>
  </edge>
  <edge id="e346" source="n33" target="n10">
   <data key="ref">1</data>
  </edge>
  <edge id="e347" source="n33" target="n11">
   <data key="ref">1</data>
  </edge>
  <edge id="e348" source="n33" target="n12">
   <data key="ref">1</data>
  </edge>
  <edge id="e349" source="n33" target="n13">
   <data key="ref">1</data>
  </edge>
  <edge id="e350" source="n33" target="n14">
   <data key="ref">1</data>
  </edge>
  <edge id="e351" source="n33" target="n15">
   <data key="ref">1</data>
  </edge>
  <edge id="e352" source="n33" target="n16">
   <data key="ref">1</data>
  </edge>
  <edge id="e353" source="n33" target="n33">
   <data key="ref">1</data>
  </edge>
  <edge id="e354" source="n33" target="n17">
   <data key="ref">1</data>
  </edge>
  <edge id="e355" source="n33" target="n50">
   <data key="ref">6</data>
  </edge>
  <edge id="e356" source="n33" target="n63">
   <data key="ref">1</data>
  </edge>
  <node id="n34">
   <data key="url">pointage.html</data>
   <data key="size">17875</data>
   <data key="date">0</data>
   <data key="title">Projet - IN-SITU</data>
  </node>
  <edge id="e357" source="n34" target="n1">
   <data key="ref">1</data>
  </edge>
  <edge id="e358" source="n34" target="n2">
   <data key="ref">1</data>
  </edge>
  <edge id="e359" source="n34" target="n3">
   <data key="ref">1</data>
  </edge>
  <edge id="e360" source="n34" target="n4">
   <data key="ref">1</data>
  </edge>
  <edge id="e361" source="n34" target="n33">
   <data key="ref">1</data>
  </edge>
  <edge id="e362" source="n34" target="n51">
   <data key="ref">1</data>
  </edge>
  <edge id="e363" source="n34" target="n0">
   <data key="ref">1</data>
  </edge>
  <edge id="e364" source="n34" target="n52">
   <data key="ref">1</data>
  </edge>
  <edge id="e365" source="n34" target="n35">
   <data key="ref">1</data>
  </edge>
  <edge id="e366" source="n34" target="n8">
   <data key="ref">1</data>
  </edge>
  <edge id="e367" source="n34" target="n9">
   <data key="ref">1</data>
  </edge>
  <edge id="e368" source="n34" target="n10">
   <data key="ref">1</data>
  </edge>
  <edge id="e369" source="n34" target="n11">
   <data key="ref">1</data>
  </edge>
  <edge id="e370" source="n34" target="n12">
   <data key="ref">1</data>
  </edge>
  <edge id="e371" source="n34" target="n13">
   <data key="ref">1</data>
  </edge>
  <edge id="e372" source="n34" target="n14">
   <data key="ref">1</data>
  </edge>
  <edge id="e373" source="n34" target="n15">
   <data key="ref">1</data>
  </edge>
  <edge id="e374" source="n34" target="n16">
   <data key="ref">1</data>
  </edge>
  <edge id="e375" source="n34" target="n34">
   <data key="ref">1</data>
  </edge>
  <edge id="e376" source="n34" target="n17">
   <data key="ref">1</data>
  </edge>
  <edge id="e377" source="n34" target="n50">
   <data key="ref">6</data>
  </edge>
  <edge id="e378" source="n34" target="n64">
   <data key="ref">1</data>
  </edge>
  <edge id="e379" source="n34" target="n65">
   <data key="ref">1</data>
  </edge>
  <edge id="e380" source="n34" target="n66">
   <data key="ref">1</data>
  </edge>
  <edge id="e381" source="n34" target="n67">
   <data key="ref">1</data>
  </edge>
  <edge id="e382" source="n34" target="n68">
   <data key="ref">1</data>
  </edge>
  <edge id="e383" source="n34" target="n69">
   <data key="ref">1</data>
  </edge>
  <edge id="e384" source="n34" target="n70">
   <data key="ref">1</data>
  </edge>
  <edge id="e385" source="n34" target="n71">
   <data key="ref">1</data>
  </edge>
  <edge id="e386" source="n34" target="n72">
   <data key="ref">1</data>
  </edge>
  <node id="n35">
   <data key="url">realite.html</data>
   <data key="size">14204</data>
   <data key="date">0</data>
   <data key="title">Projet - IN-SITU</data>
  </node>
  <edge id="e387" source="n35" target="n1">
   <data key="ref">1</data>
  </edge>
  <edge id="e388" source="n35" target="n2">
   <data key="ref">1</data>
  </edge>
  <edge id="e389" source="n35" target="n3">
   <data key="ref">1</data>
  </edge>
  <edge id="e390" source="n35" target="n4">
   <data key="ref">1</data>
  </edge>
  <edge id="e391" source="n35" target="n34">
   <data key="ref">1</data>
  </edge>
  <edge id="e392" source="n35" target="n51">
   <data key="ref">1</data>
  </edge>
  <edge id="e393" source="n35" target="n0">
   <data key="ref">1</data>
  </edge>
  <edge id="e394" source="n35" target="n52">
   <data key="ref">1</data>
  </edge>
  <edge id="e395" source="n35" target="n36">
   <data key="ref">1</data>
  </edge>
  <edge id="e396" source="n35" target="n8">
   <data key="ref">1</data>
  </edge>
  <edge id="e397" source="n35" target="n9">
   <data key="ref">1</data>
  </edge>
  <edge id="e398" source="n35" target="n10">
   <data key="ref">1</data>
  </edge>
  <edge id="e399" source="n35" target="n11">
   <data key="ref">1</data>
  </edge>
  <edge id="e400" source="n35" target="n12">
   <data key="ref">1</data>
  </edge>
  <edge id="e401" source="n35" target="n13">
   <data key="ref">1</data>
  </edge>
  <edge id="e402" source="n35" target="n14">
   <data key="ref">1</data>
  </edge>
  <edge id="e403" source="n35" target="n15">
   <data key="ref">1</data>
  </edge>
  <edge id="e404" source="n35" target="n16">
   <data key="ref">1</data>
  </edge>
  <edge id="e405" source="n35" target="n35">
   <data key="ref">1</data>
  </edge>
  <edge id="e406" source="n35" target="n17">
   <data key="ref">1</data>
  </edge>
  <edge id="e407" source="n35" target="n50">
   <data key="ref">5</data>
  </edge>
  <edge id="e408" source="n35" target="n73">
   <data key="ref">1</data>
  </edge>
  <edge id="e409" source="n35" target="n74">
   <data key="ref">1</data>
  </edge>
  <edge id="e410" source="n35" target="n75">
   <data key="ref">1</data>
  </edge>
  <node id="n36">
   <data key="url">visu.html</data>
   <data key="size">9957</data>
   <data key="date">0</data>
   <data key="title">Projet - IN-SITU</data>
  </node>
  <edge id="e411" source="n36" target="n1">
   <data key="ref">1</data>
  </edge>
  <edge id="e412" source="n36" target="n2">
   <data key="ref">1</data>
  </edge>
  <edge id="e413" source="n36" target="n3">
   <data key="ref">1</data>
  </edge>
  <edge id="e414" source="n36" target="n4">
   <data key="ref">1</data>
  </edge>
  <edge id="e415" source="n36" target="n35">
   <data key="ref">1</data>
  </edge>
  <edge id="e416" source="n36" target="n51">
   <data key="ref">1</data>
  </edge>
  <edge id="e417" source="n36" target="n0">
   <data key="ref">1</data>
  </edge>
  <edge id="e418" source="n36" target="n52">
   <data key="ref">1</data>
  </edge>
  <edge id="e419" source="n36" target="n37">
   <data key="ref">1</data>
  </edge>
  <edge id="e420" source="n36" target="n8">
   <data key="ref">1</data>
  </edge>
  <edge id="e421" source="n36" target="n9">
   <data key="ref">1</data>
  </edge>
  <edge id="e422" source="n36" target="n10">
   <data key="ref">1</data>
  </edge>
  <edge id="e423" source="n36" target="n11">
   <data key="ref">1</data>
  </edge>
  <edge id="e424" source="n36" target="n12">
   <data key="ref">1</data>
  </edge>
  <edge id="e425" source="n36" target="n13">
   <data key="ref">1</data>
  </edge>
  <edge id="e426" source="n36" target="n14">
   <data key="ref">1</data>
  </edge>
  <edge id="e427" source="n36" target="n15">
   <data key="ref">1</data>
  </edge>
  <edge id="e428" source="n36" target="n16">
   <data key="ref">1</data>
  </edge>
  <edge id="e429" source="n36" target="n36">
   <data key="ref">2</data>
  </edge>
  <edge id="e430" source="n36" target="n17">
   <data key="ref">1</data>
  </edge>
  <edge id="e431" source="n36" target="n50">
   <data key="ref">2</data>
  </edge>
  <edge id="e432" source="n36" target="n76">
   <data key="ref">1</data>
  </edge>
  <edge id="e433" source="n36" target="n77">
   <data key="ref">1</data>
  </edge>
  <edge id="e434" source="n36" target="n78">
   <data key="ref">1</data>
  </edge>
  <edge id="e435" source="n36" target="n79">
   <data key="ref">1</data>
  </edge>
  <node id="n37">
   <data key="url">design.html</data>
   <data key="size">6910</data>
   <data key="date">0</data>
   <data key="title">Projet - IN-SITU</data>
  </node>
  <edge id="e436" source="n37" target="n1">
   <data key="ref">1</data>
  </edge>
  <edge id="e437" source="n37" target="n2">
   <data key="ref">1</data>
  </edge>
  <edge id="e438" source="n37" target="n3">
   <data key="ref">1</data>
  </edge>
  <edge id="e439" source="n37" target="n4">
   <data key="ref">1</data>
  </edge>
  <edge id="e440" source="n37" target="n36">
   <data key="ref">1</data>
  </edge>
  <edge id="e441" source="n37" target="n51">
   <data key="ref">1</data>
  </edge>
  <edge id="e442" source="n37" target="n0">
   <data key="ref">1</data>
  </edge>
  <edge id="e443" source="n37" target="n52">
   <data key="ref">1</data>
  </edge>
  <edge id="e444" source="n37" target="n38">
   <data key="ref">1</data>
  </edge>
  <edge id="e445" source="n37" target="n8">
   <data key="ref">1</data>
  </edge>
  <edge id="e446" source="n37" target="n9">
   <data key="ref">1</data>
  </edge>
  <edge id="e447" source="n37" target="n10">
   <data key="ref">1</data>
  </edge>
  <edge id="e448" source="n37" target="n11">
   <data key="ref">1</data>
  </edge>
  <edge id="e449" source="n37" target="n12">
   <data key="ref">1</data>
  </edge>
  <edge id="e450" source="n37" target="n13">
   <data key="ref">1</data>
  </edge>
  <edge id="e451" source="n37" target="n14">
   <data key="ref">1</data>
  </edge>
  <edge id="e452" source="n37" target="n15">
   <data key="ref">1</data>
  </edge>
  <edge id="e453" source="n37" target="n16">
   <data key="ref">1</data>
  </edge>
  <edge id="e454" source="n37" target="n37">
   <data key="ref">1</data>
  </edge>
  <edge id="e455" source="n37" target="n17">
   <data key="ref">1</data>
  </edge>
  <edge id="e456" source="n37" target="n80">
   <data key="ref">1</data>
  </edge>
  <node id="n38">
   <data key="url">modeles.html</data>
   <data key="size">16852</data>
   <data key="date">0</data>
   <data key="title">Projet - IN-SITU</data>
  </node>
  <edge id="e457" source="n38" target="n1">
   <data key="ref">1</data>
  </edge>
  <edge id="e458" source="n38" target="n2">
   <data key="ref">1</data>
  </edge>
  <edge id="e459" source="n38" target="n3">
   <data key="ref">1</data>
  </edge>
  <edge id="e460" source="n38" target="n4">
   <data key="ref">1</data>
  </edge>
  <edge id="e461" source="n38" target="n37">
   <data key="ref">1</data>
  </edge>
  <edge id="e462" source="n38" target="n51">
   <data key="ref">1</data>
  </edge>
  <edge id="e463" source="n38" target="n0">
   <data key="ref">1</data>
  </edge>
  <edge id="e464" source="n38" target="n52">
   <data key="ref">1</data>
  </edge>
  <edge id="e465" source="n38" target="n39">
   <data key="ref">1</data>
  </edge>
  <edge id="e466" source="n38" target="n8">
   <data key="ref">1</data>
  </edge>
  <edge id="e467" source="n38" target="n9">
   <data key="ref">1</data>
  </edge>
  <edge id="e468" source="n38" target="n10">
   <data key="ref">1</data>
  </edge>
  <edge id="e469" source="n38" target="n11">
   <data key="ref">1</data>
  </edge>
  <edge id="e470" source="n38" target="n12">
   <data key="ref">1</data>
  </edge>
  <edge id="e471" source="n38" target="n13">
   <data key="ref">1</data>
  </edge>
  <edge id="e472" source="n38" target="n14">
   <data key="ref">1</data>
  </edge>
  <edge id="e473" source="n38" target="n15">
   <data key="ref">1</data>
  </edge>
  <edge id="e474" source="n38" target="n16">
   <data key="ref">1</data>
  </edge>
  <edge id="e475" source="n38" target="n38">
   <data key="ref">1</data>
  </edge>
  <edge id="e476" source="n38" target="n17">
   <data key="ref">1</data>
  </edge>
  <edge id="e477" source="n38" target="n50">
   <data key="ref">16</data>
  </edge>
  <edge id="e478" source="n38" target="n81">
   <data key="ref">1</data>
  </edge>
  <edge id="e479" source="n38" target="n82">
   <data key="ref">1</data>
  </edge>
  <edge id="e480" source="n38" target="n83">
   <data key="ref">1</data>
  </edge>
  <edge id="e481" source="n38" target="n84">
   <data key="ref">1</data>
  </edge>
  <edge id="e482" source="n38" target="n85">
   <data key="ref">1</data>
  </edge>
  <node id="n39">
   <data key="url">interliving.html</data>
   <data key="size">5400</data>
   <data key="date">0</data>
   <data key="title">Projet - IN-SITU</data>
  </node>
  <edge id="e483" source="n39" target="n1">
   <data key="ref">1</data>
  </edge>
  <edge id="e484" source="n39" target="n2">
   <data key="ref">1</data>
  </edge>
  <edge id="e485" source="n39" target="n3">
   <data key="ref">1</data>
  </edge>
  <edge id="e486" source="n39" target="n4">
   <data key="ref">1</data>
  </edge>
  <edge id="e487" source="n39" target="n38">
   <data key="ref">1</data>
  </edge>
  <edge id="e488" source="n39" target="n51">
   <data key="ref">1</data>
  </edge>
  <edge id="e489" source="n39" target="n0">
   <data key="ref">1</data>
  </edge>
  <edge id="e490" source="n39" target="n52">
   <data key="ref">1</data>
  </edge>
  <edge id="e491" source="n39" target="n40">
   <data key="ref">1</data>
  </edge>
  <edge id="e492" source="n39" target="n8">
   <data key="ref">1</data>
  </edge>
  <edge id="e493" source="n39" target="n9">
   <data key="ref">1</data>
  </edge>
  <edge id="e494" source="n39" target="n10">
   <data key="ref">1</data>
  </edge>
  <edge id="e495" source="n39" target="n11">
   <data key="ref">1</data>
  </edge>
  <edge id="e496" source="n39" target="n12">
   <data key="ref">1</data>
  </edge>
  <edge id="e497" source="n39" target="n13">
   <data key="ref">1</data>
  </edge>
  <edge id="e498" source="n39" target="n14">
   <data key="ref">1</data>
  </edge>
  <edge id="e499" source="n39" target="n15">
   <data key="ref">1</data>
  </edge>
  <edge id="e500" source="n39" target="n16">
   <data key="ref">1</data>
  </edge>
  <edge id="e501" source="n39" target="n39">
   <data key="ref">1</data>
  </edge>
  <edge id="e502" source="n39" target="n17">
   <data key="ref">1</data>
  </edge>
  <node id="n40">
   <data key="url">indigo.html</data>
   <data key="size">6052</data>
   <data key="date">0</data>
   <data key="title">Projet - IN-SITU</data>
  </node>
  <edge id="e503" source="n40" target="n1">
   <data key="ref">1</data>
  </edge>
  <edge id="e504" source="n40" target="n2">
   <data key="ref">1</data>
  </edge>
  <edge id="e505" source="n40" target="n3">
   <data key="ref">1</data>
  </edge>
  <edge id="e506" source="n40" target="n4">
   <data key="ref">1</data>
  </edge>
  <edge id="e507" source="n40" target="n39">
   <data key="ref">1</data>
  </edge>
  <edge id="e508" source="n40" target="n51">
   <data key="ref">1</data>
  </edge>
  <edge id="e509" source="n40" target="n0">
   <data key="ref">1</data>
  </edge>
  <edge id="e510" source="n40" target="n52">
   <data key="ref">1</data>
  </edge>
  <edge id="e511" source="n40" target="n41">
   <data key="ref">1</data>
  </edge>
  <edge id="e512" source="n40" target="n8">
   <data key="ref">1</data>
  </edge>
  <edge id="e513" source="n40" target="n9">
   <data key="ref">1</data>
  </edge>
  <edge id="e514" source="n40" target="n10">
   <data key="ref">1</data>
  </edge>
  <edge id="e515" source="n40" target="n11">
   <data key="ref">1</data>
  </edge>
  <edge id="e516" source="n40" target="n12">
   <data key="ref">1</data>
  </edge>
  <edge id="e517" source="n40" target="n13">
   <data key="ref">1</data>
  </edge>
  <edge id="e518" source="n40" target="n14">
   <data key="ref">1</data>
  </edge>
  <edge id="e519" source="n40" target="n15">
   <data key="ref">1</data>
  </edge>
  <edge id="e520" source="n40" target="n16">
   <data key="ref">1</data>
  </edge>
  <edge id="e521" source="n40" target="n40">
   <data key="ref">1</data>
  </edge>
  <edge id="e522" source="n40" target="n17">
   <data key="ref">1</data>
  </edge>
  <node id="n41">
   <data key="url">nomadic.html</data>
   <data key="size">5867</data>
   <data key="date">0</data>
   <data key="title">Projet - IN-SITU</data>
  </node>
  <edge id="e523" source="n41" target="n1">
   <data key="ref">1</data>
  </edge>
  <edge id="e524" source="n41" target="n2">
   <data key="ref">1</data>
  </edge>
  <edge id="e525" source="n41" target="n3">
   <data key="ref">1</data>
  </edge>
  <edge id="e526" source="n41" target="n4">
   <data key="ref">1</data>
  </edge>
  <edge id="e527" source="n41" target="n40">
   <data key="ref">1</data>
  </edge>
  <edge id="e528" source="n41" target="n51">
   <data key="ref">1</data>
  </edge>
  <edge id="e529" source="n41" target="n0">
   <data key="ref">1</data>
  </edge>
  <edge id="e530" source="n41" target="n52">
   <data key="ref">1</data>
  </edge>
  <edge id="e531" source="n41" target="n42">
   <data key="ref">1</data>
  </edge>
  <edge id="e532" source="n41" target="n8">
   <data key="ref">1</data>
  </edge>
  <edge id="e533" source="n41" target="n9">
   <data key="ref">1</data>
  </edge>
  <edge id="e534" source="n41" target="n10">
   <data key="ref">1</data>
  </edge>
  <edge id="e535" source="n41" target="n11">
   <data key="ref">1</data>
  </edge>
  <edge id="e536" source="n41" target="n12">
   <data key="ref">1</data>
  </edge>
  <edge id="e537" source="n41" target="n13">
   <data key="ref">1</data>
  </edge>
  <edge id="e538" source="n41" target="n14">
   <data key="ref">1</data>
  </edge>
  <edge id="e539" source="n41" target="n15">
   <data key="ref">1</data>
  </edge>
  <edge id="e540" source="n41" target="n16">
   <data key="ref">1</data>
  </edge>
  <edge id="e541" source="n41" target="n41">
   <data key="ref">1</data>
  </edge>
  <edge id="e542" source="n41" target="n17">
   <data key="ref">1</data>
  </edge>
  <node id="n42">
   <data key="url">nationales.html</data>
   <data key="size">4860</data>
   <data key="date">0</data>
   <data key="title">Projet - IN-SITU</data>
  </node>
  <edge id="e543" source="n42" target="n1">
   <data key="ref">1</data>
  </edge>
  <edge id="e544" source="n42" target="n2">
   <data key="ref">1</data>
  </edge>
  <edge id="e545" source="n42" target="n3">
   <data key="ref">1</data>
  </edge>
  <edge id="e546" source="n42" target="n4">
   <data key="ref">1</data>
  </edge>
  <edge id="e547" source="n42" target="n41">
   <data key="ref">1</data>
  </edge>
  <edge id="e548" source="n42" target="n51">
   <data key="ref">1</data>
  </edge>
  <edge id="e549" source="n42" target="n0">
   <data key="ref">1</data>
  </edge>
  <edge id="e550" source="n42" target="n52">
   <data key="ref">1</data>
  </edge>
  <edge id="e551" source="n42" target="n43">
   <data key="ref">1</data>
  </edge>
  <edge id="e552" source="n42" target="n8">
   <data key="ref">1</data>
  </edge>
  <edge id="e553" source="n42" target="n9">
   <data key="ref">1</data>
  </edge>
  <edge id="e554" source="n42" target="n10">
   <data key="ref">1</data>
  </edge>
  <edge id="e555" source="n42" target="n11">
   <data key="ref">1</data>
  </edge>
  <edge id="e556" source="n42" target="n12">
   <data key="ref">1</data>
  </edge>
  <edge id="e557" source="n42" target="n13">
   <data key="ref">1</data>
  </edge>
  <edge id="e558" source="n42" target="n14">
   <data key="ref">1</data>
  </edge>
  <edge id="e559" source="n42" target="n15">
   <data key="ref">1</data>
  </edge>
  <edge id="e560" source="n42" target="n16">
   <data key="ref">1</data>
  </edge>
  <edge id="e561" source="n42" target="n42">
   <data key="ref">1</data>
  </edge>
  <edge id="e562" source="n42" target="n17">
   <data key="ref">1</data>
  </edge>
  <node id="n43">
   <data key="url">europeen.html</data>
   <data key="size">9098</data>
   <data key="date">0</data>
   <data key="title">Projet - IN-SITU</data>
  </node>
  <edge id="e563" source="n43" target="n1">
   <data key="ref">1</data>
  </edge>
  <edge id="e564" source="n43" target="n2">
   <data key="ref">1</data>
  </edge>
  <edge id="e565" source="n43" target="n3">
   <data key="ref">1</data>
  </edge>
  <edge id="e566" source="n43" target="n4">
   <data key="ref">1</data>
  </edge>
  <edge id="e567" source="n43" target="n42">
   <data key="ref">1</data>
  </edge>
  <edge id="e568" source="n43" target="n51">
   <data key="ref">1</data>
  </edge>
  <edge id="e569" source="n43" target="n0">
   <data key="ref">1</data>
  </edge>
  <edge id="e570" source="n43" target="n52">
   <data key="ref">1</data>
  </edge>
  <edge id="e571" source="n43" target="n44">
   <data key="ref">1</data>
  </edge>
  <edge id="e572" source="n43" target="n8">
   <data key="ref">1</data>
  </edge>
  <edge id="e573" source="n43" target="n9">
   <data key="ref">1</data>
  </edge>
  <edge id="e574" source="n43" target="n10">
   <data key="ref">1</data>
  </edge>
  <edge id="e575" source="n43" target="n11">
   <data key="ref">1</data>
  </edge>
  <edge id="e576" source="n43" target="n12">
   <data key="ref">1</data>
  </edge>
  <edge id="e577" source="n43" target="n13">
   <data key="ref">1</data>
  </edge>
  <edge id="e578" source="n43" target="n14">
   <data key="ref">1</data>
  </edge>
  <edge id="e579" source="n43" target="n15">
   <data key="ref">1</data>
  </edge>
  <edge id="e580" source="n43" target="n16">
   <data key="ref">1</data>
  </edge>
  <edge id="e581" source="n43" target="n43">
   <data key="ref">1</data>
  </edge>
  <edge id="e582" source="n43" target="n17">
   <data key="ref">1</data>
  </edge>
  <node id="n44">
   <data key="url">bilateral.html</data>
   <data key="size">4548</data>
   <data key="date">0</data>
   <data key="title">Projet - IN-SITU</data>
  </node>
  <edge id="e583" source="n44" target="n1">
   <data key="ref">1</data>
  </edge>
  <edge id="e584" source="n44" target="n2">
   <data key="ref">1</data>
  </edge>
  <edge id="e585" source="n44" target="n3">
   <data key="ref">1</data>
  </edge>
  <edge id="e586" source="n44" target="n4">
   <data key="ref">1</data>
  </edge>
  <edge id="e587" source="n44" target="n43">
   <data key="ref">1</data>
  </edge>
  <edge id="e588" source="n44" target="n51">
   <data key="ref">1</data>
  </edge>
  <edge id="e589" source="n44" target="n0">
   <data key="ref">1</data>
  </edge>
  <edge id="e590" source="n44" target="n52">
   <data key="ref">1</data>
  </edge>
  <edge id="e591" source="n44" target="n45">
   <data key="ref">1</data>
  </edge>
  <edge id="e592" source="n44" target="n8">
   <data key="ref">1</data>
  </edge>
  <edge id="e593" source="n44" target="n9">
   <data key="ref">1</data>
  </edge>
  <edge id="e594" source="n44" target="n10">
   <data key="ref">1</data>
  </edge>
  <edge id="e595" source="n44" target="n11">
   <data key="ref">1</data>
  </edge>
  <edge id="e596" source="n44" target="n12">
   <data key="ref">1</data>
  </edge>
  <edge id="e597" source="n44" target="n13">
   <data key="ref">1</data>
  </edge>
  <edge id="e598" source="n44" target="n14">
   <data key="ref">1</data>
  </edge>
  <edge id="e599" source="n44" target="n15">
   <data key="ref">1</data>
  </edge>
  <edge id="e600" source="n44" target="n16">
   <data key="ref">1</data>
  </edge>
  <edge id="e601" source="n44" target="n44">
   <data key="ref">1</data>
  </edge>
  <edge id="e602" source="n44" target="n17">
   <data key="ref">1</data>
  </edge>
  <node id="n45">
   <data key="url">diff-organisation.html</data>
   <data key="size">9533</data>
   <data key="date">0</data>
   <data key="title">Projet - IN-SITU</data>
  </node>
  <edge id="e603" source="n45" target="n1">
   <data key="ref">1</data>
  </edge>
  <edge id="e604" source="n45" target="n2">
   <data key="ref">1</data>
  </edge>
  <edge id="e605" source="n45" target="n3">
   <data key="ref">1</data>
  </edge>
  <edge id="e606" source="n45" target="n4">
   <data key="ref">1</data>
  </edge>
  <edge id="e607" source="n45" target="n44">
   <data key="ref">1</data>
  </edge>
  <edge id="e608" source="n45" target="n51">
   <data key="ref">1</data>
  </edge>
  <edge id="e609" source="n45" target="n0">
   <data key="ref">1</data>
  </edge>
  <edge id="e610" source="n45" target="n52">
   <data key="ref">1</data>
  </edge>
  <edge id="e611" source="n45" target="n46">
   <data key="ref">1</data>
  </edge>
  <edge id="e612" source="n45" target="n8">
   <data key="ref">1</data>
  </edge>
  <edge id="e613" source="n45" target="n9">
   <data key="ref">1</data>
  </edge>
  <edge id="e614" source="n45" target="n10">
   <data key="ref">1</data>
  </edge>
  <edge id="e615" source="n45" target="n11">
   <data key="ref">1</data>
  </edge>
  <edge id="e616" source="n45" target="n12">
   <data key="ref">1</data>
  </edge>
  <edge id="e617" source="n45" target="n13">
   <data key="ref">1</data>
  </edge>
  <edge id="e618" source="n45" target="n14">
   <data key="ref">1</data>
  </edge>
  <edge id="e619" source="n45" target="n15">
   <data key="ref">1</data>
  </edge>
  <edge id="e620" source="n45" target="n16">
   <data key="ref">1</data>
  </edge>
  <edge id="e621" source="n45" target="n45">
   <data key="ref">1</data>
  </edge>
  <edge id="e622" source="n45" target="n17">
   <data key="ref">1</data>
  </edge>
  <node id="n46">
   <data key="url">diff-univ.html</data>
   <data key="size">5235</data>
   <data key="date">0</data>
   <data key="title">Projet - IN-SITU</data>
  </node>
  <edge id="e623" source="n46" target="n1">
   <data key="ref">1</data>
  </edge>
  <edge id="e624" source="n46" target="n2">
   <data key="ref">1</data>
  </edge>
  <edge id="e625" source="n46" target="n3">
   <data key="ref">1</data>
  </edge>
  <edge id="e626" source="n46" target="n4">
   <data key="ref">1</data>
  </edge>
  <edge id="e627" source="n46" target="n45">
   <data key="ref">1</data>
  </edge>
  <edge id="e628" source="n46" target="n51">
   <data key="ref">1</data>
  </edge>
  <edge id="e629" source="n46" target="n0">
   <data key="ref">1</data>
  </edge>
  <edge id="e630" source="n46" target="n52">
   <data key="ref">1</data>
  </edge>
  <edge id="e631" source="n46" target="n47">
   <data key="ref">1</data>
  </edge>
  <edge id="e632" source="n46" target="n8">
   <data key="ref">1</data>
  </edge>
  <edge id="e633" source="n46" target="n9">
   <data key="ref">1</data>
  </edge>
  <edge id="e634" source="n46" target="n10">
   <data key="ref">1</data>
  </edge>
  <edge id="e635" source="n46" target="n11">
   <data key="ref">1</data>
  </edge>
  <edge id="e636" source="n46" target="n12">
   <data key="ref">1</data>
  </edge>
  <edge id="e637" source="n46" target="n13">
   <data key="ref">1</data>
  </edge>
  <edge id="e638" source="n46" target="n14">
   <data key="ref">1</data>
  </edge>
  <edge id="e639" source="n46" target="n15">
   <data key="ref">1</data>
  </edge>
  <edge id="e640" source="n46" target="n16">
   <data key="ref">1</data>
  </edge>
  <edge id="e641" source="n46" target="n46">
   <data key="ref">1</data>
  </edge>
  <edge id="e642" source="n46" target="n17">
   <data key="ref">1</data>
  </edge>
  <node id="n47">
   <data key="url">diff-colloques.html</data>
   <data key="size">8181</data>
   <data key="date">0</data>
   <data key="title">Projet - IN-SITU</data>
  </node>
  <edge id="e643" source="n47" target="n1">
   <data key="ref">1</data>
  </edge>
  <edge id="e644" source="n47" target="n2">
   <data key="ref">1</data>
  </edge>
  <edge id="e645" source="n47" target="n3">
   <data key="ref">1</data>
  </edge>
  <edge id="e646" source="n47" target="n4">
   <data key="ref">1</data>
  </edge>
  <edge id="e647" source="n47" target="n46">
   <data key="ref">1</data>
  </edge>
  <edge id="e648" source="n47" target="n51">
   <data key="ref">1</data>
  </edge>
  <edge id="e649" source="n47" target="n0">
   <data key="ref">1</data>
  </edge>
  <edge id="e650" source="n47" target="n52">
   <data key="ref">1</data>
  </edge>
  <edge id="e651" source="n47" target="n48">
   <data key="ref">1</data>
  </edge>
  <edge id="e652" source="n47" target="n8">
   <data key="ref">1</data>
  </edge>
  <edge id="e653" source="n47" target="n9">
   <data key="ref">1</data>
  </edge>
  <edge id="e654" source="n47" target="n10">
   <data key="ref">1</data>
  </edge>
  <edge id="e655" source="n47" target="n11">
   <data key="ref">1</data>
  </edge>
  <edge id="e656" source="n47" target="n12">
   <data key="ref">1</data>
  </edge>
  <edge id="e657" source="n47" target="n13">
   <data key="ref">1</data>
  </edge>
  <edge id="e658" source="n47" target="n14">
   <data key="ref">1</data>
  </edge>
  <edge id="e659" source="n47" target="n15">
   <data key="ref">1</data>
  </edge>
  <edge id="e660" source="n47" target="n16">
   <data key="ref">1</data>
  </edge>
  <edge id="e661" source="n47" target="n47">
   <data key="ref">1</data>
  </edge>
  <edge id="e662" source="n47" target="n17">
   <data key="ref">1</data>
  </edge>
  <edge id="e663" source="n47" target="n50">
   <data key="ref">8</data>
  </edge>
  <node id="n48">
   <data key="url">diff-connaissance.html</data>
   <data key="size">4424</data>
   <data key="date">0</data>
   <data key="title">Projet - IN-SITU</data>
  </node>
  <edge id="e664" source="n48" target="n1">
   <data key="ref">1</data>
  </edge>
  <edge id="e665" source="n48" target="n2">
   <data key="ref">1</data>
  </edge>
  <edge id="e666" source="n48" target="n3">
   <data key="ref">1</data>
  </edge>
  <edge id="e667" source="n48" target="n4">
   <data key="ref">1</data>
  </edge>
  <edge id="e668" source="n48" target="n47">
   <data key="ref">1</data>
  </edge>
  <edge id="e669" source="n48" target="n51">
   <data key="ref">1</data>
  </edge>
  <edge id="e670" source="n48" target="n0">
   <data key="ref">1</data>
  </edge>
  <edge id="e671" source="n48" target="n52">
   <data key="ref">1</data>
  </edge>
  <edge id="e672" source="n48" target="n49">
   <data key="ref">1</data>
  </edge>
  <edge id="e673" source="n48" target="n8">
   <data key="ref">1</data>
  </edge>
  <edge id="e674" source="n48" target="n9">
   <data key="ref">1</data>
  </edge>
  <edge id="e675" source="n48" target="n10">
   <data key="ref">1</data>
  </edge>
  <edge id="e676" source="n48" target="n11">
   <data key="ref">1</data>
  </edge>
  <edge id="e677" source="n48" target="n12">
   <data key="ref">1</data>
  </edge>
  <edge id="e678" source="n48" target="n13">
   <data key="ref">1</data>
  </edge>
  <edge id="e679" source="n48" target="n14">
   <data key="ref">1</data>
  </edge>
  <edge id="e680" source="n48" target="n15">
   <data key="ref">1</data>
  </edge>
  <edge id="e681" source="n48" target="n16">
   <data key="ref">1</data>
  </edge>
  <edge id="e682" source="n48" target="n48">
   <data key="ref">1</data>
  </edge>
  <edge id="e683" source="n48" target="n17">
   <data key="ref">1</data>
  </edge>
  <node id="n49">
   <data key="url">articles-soumis.html</data>
   <data key="size">4573</data>
   <data key="date">0</data>
   <data key="title">Projet - IN-SITU</data>
  </node>
  <edge id="e684" source="n49" target="n1">
   <data key="ref">1</data>
  </edge>
  <edge id="e685" source="n49" target="n2">
   <data key="ref">1</data>
  </edge>
  <edge id="e686" source="n49" target="n3">
   <data key="ref">1</data>
  </edge>
  <edge id="e687" source="n49" target="n4">
   <data key="ref">1</data>
  </edge>
  <edge id="e688" source="n49" target="n48">
   <data key="ref">1</data>
  </edge>
  <edge id="e689" source="n49" target="n51">
   <data key="ref">1</data>
  </edge>
  <edge id="e690" source="n49" target="n0">
   <data key="ref">1</data>
  </edge>
  <edge id="e691" source="n49" target="n52">
   <data key="ref">1</data>
  </edge>
  <edge id="e692" source="n49" target="n50">
   <data key="ref">1</data>
  </edge>
  <edge id="e693" source="n49" target="n8">
   <data key="ref">1</data>
  </edge>
  <edge id="e694" source="n49" target="n9">
   <data key="ref">1</data>
  </edge>
  <edge id="e695" source="n49" target="n10">
   <data key="ref">1</data>
  </edge>
  <edge id="e696" source="n49" target="n11">
   <data key="ref">1</data>
  </edge>
  <edge id="e697" source="n49" target="n12">
   <data key="ref">1</data>
  </edge>
  <edge id="e698" source="n49" target="n13">
   <data key="ref">1</data>
  </edge>
  <edge id="e699" source="n49" target="n14">
   <data key="ref">1</data>
  </edge>
  <edge id="e700" source="n49" target="n15">
   <data key="ref">1</data>
  </edge>
  <edge id="e701" source="n49" target="n16">
   <data key="ref">1</data>
  </edge>
  <edge id="e702" source="n49" target="n49">
   <data key="ref">1</data>
  </edge>
  <edge id="e703" source="n49" target="n17">
   <data key="ref">1</data>
  </edge>
  <node id="n50">
   <data key="url">bibliographie.html</data>
   <data key="size">26397</data>
   <data key="date">0</data>
   <data key="title">Projet - IN-SITU</data>
  </node>
  <edge id="e704" source="n50" target="n1">
   <data key="ref">1</data>
  </edge>
  <edge id="e705" source="n50" target="n2">
   <data key="ref">1</data>
  </edge>
  <edge id="e706" source="n50" target="n3">
   <data key="ref">1</data>
  </edge>
  <edge id="e707" source="n50" target="n4">
   <data key="ref">1</data>
  </edge>
  <edge id="e708" source="n50" target="n49">
   <data key="ref">1</data>
  </edge>
  <edge id="e709" source="n50" target="n51">
   <data key="ref">1</data>
  </edge>
  <edge id="e710" source="n50" target="n0">
   <data key="ref">1</data>
  </edge>
  <edge id="e711" source="n50" target="n52">
   <data key="ref">1</data>
  </edge>
  <edge id="e712" source="n50" target="n86">
   <data key="ref">1</data>
  </edge>
  <edge id="e713" source="n50" target="n9">
   <data key="ref">1</data>
  </edge>
  <edge id="e714" source="n50" target="n10">
   <data key="ref">1</data>
  </edge>
  <edge id="e715" source="n50" target="n11">
   <data key="ref">1</data>
  </edge>
  <edge id="e716" source="n50" target="n12">
   <data key="ref">1</data>
  </edge>
  <edge id="e717" source="n50" target="n13">
   <data key="ref">1</data>
  </edge>
  <edge id="e718" source="n50" target="n14">
   <data key="ref">1</data>
  </edge>
  <edge id="e719" source="n50" target="n15">
   <data key="ref">1</data>
  </edge>
  <edge id="e720" source="n50" target="n16">
   <data key="ref">1</data>
  </edge>
  <edge id="e721" source="n50" target="n50">
   <data key="ref">3</data>
  </edge>
  <edge id="e722" source="n50" target="n17">
   <data key="ref">1</data>
  </edge>
  <edge id="e723" source="n50" target="n87">
   <data key="ref">1</data>
  </edge>
  <edge id="e724" source="n50" target="n88">
   <data key="ref">2</data>
  </edge>
  <edge id="e725" source="n50" target="n89">
   <data key="ref">1</data>
  </edge>
  <edge id="e726" source="n50" target="n90">
   <data key="ref">1</data>
  </edge>
  <edge id="e727" source="n50" target="n91">
   <data key="ref">1</data>
  </edge>
  <edge id="e728" source="n50" target="n92">
   <data key="ref">1</data>
  </edge>
  <edge id="e729" source="n50" target="n93">
   <data key="ref">1</data>
  </edge>
  <edge id="e730" source="n50" target="n94">
   <data key="ref">1</data>
  </edge>
  <edge id="e731" source="n50" target="n95">
   <data key="ref">1</data>
  </edge>
  <edge id="e732" source="n50" target="n96">
   <data key="ref">1</data>
  </edge>
  <edge id="e733" source="n50" target="n97">
   <data key="ref">1</data>
  </edge>
  <edge id="e734" source="n50" target="n98">
   <data key="ref">1</data>
  </edge>
  <node id="n51">
   <data key="url">file://C:/Fekete/INRIA/icons/previous_motif.png</data>
   <data key="size">-1</data>
   <data key="date">0</data>
  </node>
  <node id="n52">
   <data key="url">file://C:/Fekete/INRIA/icons/up_motif.png</data>
   <data key="size">-1</data>
   <data key="date">0</data>
  </node>
  <node id="n53">
   <data key="url">in-situ_tdm.html</data>
   <data key="size">4400</data>
   <data key="date">0</data>
   <data key="title">Projet - IN-SITU</data>
  </node>
  <edge id="e735" source="n53" target="n1">
   <data key="ref">1</data>
  </edge>
  <edge id="e736" source="n53" target="n2">
   <data key="ref">1</data>
  </edge>
  <edge id="e737" source="n53" target="n7">
   <data key="ref">1</data>
  </edge>
  <edge id="e738" source="n53" target="n21">
   <data key="ref">1</data>
  </edge>
  <edge id="e739" source="n53" target="n22">
   <data key="ref">1</data>
  </edge>
  <edge id="e740" source="n53" target="n23">
   <data key="ref">1</data>
  </edge>
  <edge id="e741" source="n53" target="n24">
   <data key="ref">1</data>
  </edge>
  <edge id="e742" source="n53" target="n25">
   <data key="ref">1</data>
  </edge>
  <edge id="e743" source="n53" target="n26">
   <data key="ref">1</data>
  </edge>
  <edge id="e744" source="n53" target="n27">
   <data key="ref">1</data>
  </edge>
  <edge id="e745" source="n53" target="n28">
   <data key="ref">1</data>
  </edge>
  <edge id="e746" source="n53" target="n29">
   <data key="ref">1</data>
  </edge>
  <edge id="e747" source="n53" target="n30">
   <data key="ref">1</data>
  </edge>
  <edge id="e748" source="n53" target="n31">
   <data key="ref">1</data>
  </edge>
  <edge id="e749" source="n53" target="n32">
   <data key="ref">1</data>
  </edge>
  <edge id="e750" source="n53" target="n33">
   <data key="ref">1</data>
  </edge>
  <edge id="e751" source="n53" target="n34">
   <data key="ref">1</data>
  </edge>
  <edge id="e752" source="n53" target="n35">
   <data key="ref">1</data>
  </edge>
  <edge id="e753" source="n53" target="n36">
   <data key="ref">1</data>
  </edge>
  <edge id="e754" source="n53" target="n37">
   <data key="ref">1</data>
  </edge>
  <edge id="e755" source="n53" target="n38">
   <data key="ref">1</data>
  </edge>
  <edge id="e756" source="n53" target="n39">
   <data key="ref">1</data>
  </edge>
  <edge id="e757" source="n53" target="n40">
   <data key="ref">1</data>
  </edge>
  <edge id="e758" source="n53" target="n41">
   <data key="ref">1</data>
  </edge>
  <edge id="e759" source="n53" target="n42">
   <data key="ref">1</data>
  </edge>
  <edge id="e760" source="n53" target="n43">
   <data key="ref">1</data>
  </edge>
  <edge id="e761" source="n53" target="n44">
   <data key="ref">1</data>
  </edge>
  <edge id="e762" source="n53" target="n45">
   <data key="ref">1</data>
  </edge>
  <edge id="e763" source="n53" target="n46">
   <data key="ref">1</data>
  </edge>
  <edge id="e764" source="n53" target="n47">
   <data key="ref">1</data>
  </edge>
  <edge id="e765" source="n53" target="n48">
   <data key="ref">1</data>
  </edge>
  <edge id="e766" source="n53" target="n49">
   <data key="ref">1</data>
  </edge>
  <edge id="e767" source="n53" target="n50">
   <data key="ref">1</data>
  </edge>
  <node id="n54">
   <data key="url">file://C:/Fekete/INRIA/RA02/images/rich.png</data>
   <data key="size">34801</data>
   <data key="date">0</data>
  </node>
  <node id="n55">
   <data key="url">file://C:/Fekete/INRIA/RA02/images/videoServers-2.jpg</data>
   <data key="size">91868</data>
   <data key="date">0</data>
  </node>
  <node id="n56">
   <data key="url">file://C:/Fekete/INRIA/RA02/images/vw-gamma-1.png</data>
   <data key="size">282723</data>
   <data key="date">0</data>
  </node>
  <node id="n57">
   <data key="url">file://C:/Fekete/INRIA/RA02/images/videoprobe-closeup.jpg</data>
   <data key="size">55865</data>
   <data key="date">0</data>
  </node>
  <node id="n58">
   <data key="url">file://C:/Fekete/INRIA/RA02/images/million-treemap-small.jpg</data>
   <data key="size">38182</data>
   <data key="date">0</data>
  </node>
  <node id="n59">
   <data key="url">file://C:/Fekete/INRIA/RA02/images/interliving-gothenbur.jpg</data>
   <data key="size">45718</data>
   <data key="date">0</data>
  </node>
  <node id="n60">
   <data key="url">file://C:/Fekete/INRIA/RA02/images/videoprobe.jpg</data>
   <data key="size">68505</data>
   <data key="date">0</data>
  </node>
  <node id="n61">
   <data key="url">file://C:/Fekete/INRIA/RA02/images/videoprobe-webcam-rem.jpg</data>
   <data key="size">39468</data>
   <data key="date">0</data>
  </node>
  <node id="n62">
   <data key="url">file://C:/Fekete/INRIA/RA02/images/videoProbe-insitu.jpg</data>
   <data key="size">50231</data>
   <data key="date">0</data>
  </node>
  <node id="n63">
   <data key="url">http://www.w3.org/Graphics/SVG/</data>
   <data key="size">0</data>
  </node>
  <node id="n64">
   <data key="url">file://C:/Fekete/INRIA/RA02/images/experiment.png</data>
   <data key="size">2639</data>
   <data key="date">0</data>
  </node>
  <node id="n65">
   <data key="url">file://C:/Fekete/INRIA/RA02/images/mt-expanded.png</data>
   <data key="size">6011</data>
   <data key="date">0</data>
  </node>
  <node id="n66">
   <data key="url">file://C:/Fekete/INRIA/RA02/images/errors-expanded.png</data>
   <data key="size">5226</data>
   <data key="date">0</data>
  </node>
  <node id="n67">
   <data key="url">file://C:/Fekete/INRIA/RA02/images/clicks-expanded.png</data>
   <data key="size">6632</data>
   <data key="date">0</data>
  </node>
  <node id="n68">
   <data key="url">file://C:/Fekete/INRIA/RA02/images/mt-random.png</data>
   <data key="size">6040</data>
   <data key="date">0</data>
  </node>
  <node id="n69">
   <data key="url">file://C:/Fekete/INRIA/RA02/images/errors-random.png</data>
   <data key="size">6335</data>
   <data key="date">0</data>
  </node>
  <node id="n70">
   <data key="url">file://C:/Fekete/INRIA/RA02/images/clicks-random.png</data>
   <data key="size">7809</data>
   <data key="date">0</data>
  </node>
  <node id="n71">
   <data key="url">file://C:/Fekete/INRIA/RA02/images/dock.png</data>
   <data key="size">17503</data>
   <data key="date">0</data>
  </node>
  <node id="n72">
   <data key="url">file://C:/Fekete/INRIA/RA02/images/newdock.png</data>
   <data key="size">7797</data>
   <data key="date">0</data>
  </node>
  <node id="n73">
   <data key="url">file://C:/Fekete/INRIA/RA02/images/abook-components.png</data>
   <data key="size">46131</data>
   <data key="date">0</data>
  </node>
  <node id="n74">
   <data key="url">file://C:/Fekete/INRIA/RA02/images/abook-overview.jpg</data>
   <data key="size">33564</data>
   <data key="date">0</data>
  </node>
  <node id="n75">
   <data key="url">file://C:/Fekete/INRIA/RA02/images/abook-detail.jpg</data>
   <data key="size">28961</data>
   <data key="date">0</data>
  </node>
  <node id="n76">
   <data key="url">file://C:/Fekete/INRIA/RA02/images/million-treemap.jpg</data>
   <data key="size">634110</data>
   <data key="date">0</data>
  </node>
  <node id="n77">
   <data key="url">file://C:/Fekete/INRIA/RA02/images/shaded-rectangles2.jpg</data>
   <data key="size">11885</data>
   <data key="date">0</data>
  </node>
  <node id="n78">
   <data key="url">http://www.cs.umd.edu/hcil/millionvis</data>
   <data key="size">0</data>
  </node>
  <node id="n79">
   <data key="url">http://www.infovis.org</data>
   <data key="size">0</data>
  </node>
  <node id="n80">
   <data key="url">file://C:/Fekete/INRIA/RA02/images/mirror-design.jpg</data>
   <data key="size">24716</data>
   <data key="date">0</data>
  </node>
  <node id="n81">
   <data key="url">file://C:/Fekete/INRIA/RA02/images/dpi-conceptuel.png</data>
   <data key="size">31549</data>
   <data key="date">0</data>
  </node>
  <node id="n82">
   <data key="url">file://C:/Fekete/INRIA/RA02/images/dpi-fonctionnel.png</data>
   <data key="size">37014</data>
   <data key="date">0</data>
  </node>
  <node id="n83">
   <data key="url">file://C:/Fekete/INRIA/RA02/images/dpi-interface.png</data>
   <data key="size">86677</data>
   <data key="date">0</data>
  </node>
  <node id="n84">
   <data key="url">file://C:/Fekete/INRIA/RA02/images/videoworkspace-window.png</data>
   <data key="size">234259</data>
   <data key="date">0</data>
  </node>
  <node id="n85">
   <data key="url">file://C:/Fekete/INRIA/RA02/images/vw-gamma-3.png</data>
   <data key="size">488253</data>
   <data key="date">0</data>
  </node>
  <node id="n86">
   <data key="url">file://C:/Fekete/INRIA/icons/next_motif_gr.png</data>
   <data key="size">-1</data>
   <data key="date">0</data>
  </node>
  <node id="n87">
   <data key="url">http://www.lri.fr/%7eblanch/publi/ihm2002/ihm-2002-final.html</data>
   <data key="size">0</data>
  </node>
  <node id="n88">
   <data key="url">http://interliving.kth.se/papers.html</data>
   <data key="size">0</data>
  </node>
  <node id="n89">
   <data key="url">http://www.lri.fr/%7eroussel/publications/MM02.pdf</data>
   <data key="size">0</data>
  </node>
  <node id="n90">
   <data key="url">http://www.lri.fr/%7eroussel/publications/IHM02-lePuits.pdf</data>
   <data key="size">0</data>
  </node>
  <node id="n91">
   <data key="url">http://www.lri.fr/%7eroussel/publications/IHM02-videoWorkspace.pdf</data>
   <data key="size">0</data>
  </node>
  <node id="n92">
   <data key="url">http://www.lri.fr/%7embl/UIST2001/video/</data>
   <data key="size">0</data>
  </node>
  <node id="n93">
   <data key="url">http://www.daimi.au.dk/~mbl/UIST2000/</data>
   <data key="size">0</data>
  </node>
  <node id="n94">
   <data key="url">http://www-2.cs.cmu.edu/~jeffreyn/papers/scwm-aaai.pdf</data>
   <data key="size">0</data>
  </node>
  <node id="n95">
   <data key="url">http://www.acm.org/pubs/articles/proceedings/chi/263552/p83-curbow/p83-cu%rbow.pdf</data>
   <data key="size">0</data>
  </node>
  <node id="n96">
   <data key="url">http://www.acm.org/pubs/citations/proceedings/chi/258549/p250-kandogan/%20http://www.acm.org/sigchi/chi97/proceedings/paper/ek.htm</data>
   <data key="size">0</data>
  </node>
  <node id="n97">
   <data key="url">http://www.computer.org/cga/cg1988/g5065abs.htm</data>
   <data key="size">0</data>
  </node>
  <node id="n98">
   <data key="url">http://www.research.microsoft.com/ui/TaskGallery/index.htm%20http://www.acm.org/pubs/citations/proceedings/chi/332040/p494-robertson/</data>
   <data key="size">0</data>
  </node>
 </graph>
</graphml>

